outer_csv_selector.started,outer_csv_selector.stopped,participant,session,stimPresTime,taskOrder,listNum,date,expName,psychopyVersion,OS,frameRate,listPath,concPathTrain,fixDuration,concPathMain,start_screen.started,start_screen.stopped,click_start_mouse.x,click_start_mouse.y,click_start_mouse.leftButton,click_start_mouse.midButton,click_start_mouse.rightButton,click_start_mouse.time,click_start_mouse.clicked_name,start_screen_goon_keyresp.keys,welcome_screen.started,welcome_screen.stopped,click_welcome_mouse.x,click_welcome_mouse.y,click_welcome_mouse.leftButton,click_welcome_mouse.midButton,click_welcome_mouse.rightButton,click_welcome_mouse.time,click_welcome_mouse.clicked_name,welcome_screen_goon_keyresp.keys,welcome_screen_goon_keyresp.rt,welcome_screen_goon_keyresp.duration,library_check.started,library_check.stopped,click_libfirst1_mouse.x,click_libfirst1_mouse.y,click_libfirst1_mouse.leftButton,click_libfirst1_mouse.midButton,click_libfirst1_mouse.rightButton,click_libfirst1_mouse.time,click_libfirst1_mouse.clicked_name,library_check_goon_keyresp.keys,library_check_goon_keyresp.rt,library_check_goon_keyresp.duration,library_entry.started,library_entry.stopped,click_libfirst2_mouse.x,click_libfirst2_mouse.y,click_libfirst2_mouse.leftButton,click_libfirst2_mouse.midButton,click_libfirst2_mouse.rightButton,click_libfirst2_mouse.time,click_libfirst2_mouse.clicked_name,library_entry_goon_keyresp.keys,library_entry_goon_keyresp.rt,library_entry_goon_keyresp.duration,library_seen.started,library_seen.stopped,click_libsecond_mouse.x,click_libsecond_mouse.y,click_libsecond_mouse.leftButton,click_libsecond_mouse.midButton,click_libsecond_mouse.rightButton,click_libsecond_mouse.time,click_libsecond_mouse.clicked_name,library_seen_goon_keyresp.keys,rules_start_screen.started,rules_start_screen.stopped,click_rulesstart_mouse.x,click_rulesstart_mouse.y,click_rulesstart_mouse.leftButton,click_rulesstart_mouse.midButton,click_rulesstart_mouse.rightButton,click_rulesstart_mouse.time,click_rulesstart_mouse.clicked_name,rules_start_screen_goon_keyresp.keys,rules_start_screen_goon_keyresp.rt,rules_start_screen_goon_keyresp.duration,rules_01_screen.started,rules_01_screen.stopped,click_rules01_mouse.x,click_rules01_mouse.y,click_rules01_mouse.leftButton,click_rules01_mouse.midButton,click_rules01_mouse.rightButton,click_rules01_mouse.time,click_rules01_mouse.clicked_name,rules_01_screen_goon_keyresp.keys,rules_01_screen_goon_keyresp.rt,rules_01_screen_goon_keyresp.duration,rules_02_screen.started,rules_02_screen.stopped,click_rules02_mouse.x,click_rules02_mouse.y,click_rules02_mouse.leftButton,click_rules02_mouse.midButton,click_rules02_mouse.rightButton,click_rules02_mouse.time,click_rules02_mouse.clicked_name,rules_02_screen_goon_keyresp.keys,rules_02_screen_goon_keyresp.rt,rules_02_screen_goon_keyresp.duration,trial_start_screen.started,trial_start_screen.stopped,click_trialstart_mouse.x,click_trialstart_mouse.y,click_trialstart_mouse.leftButton,click_trialstart_mouse.midButton,click_trialstart_mouse.rightButton,click_trialstart_mouse.time,click_trialstart_mouse.clicked_name,trial_start_screen_goon_keyresp.keys,trial_start_screen_goon_keyresp.rt,trial_start_screen_goon_keyresp.duration,csv_selector.started,csv_selector.stopped,train_fixation.started,train_fixation.stopped,train_mask.started,train_mask.stopped,train_stimulus_presentation.started,train_stimulus_presentation.stopped,stop_training.keys,stop_training.rt,stop_training.duration,train_yesno_response.started,train_yesno_response.stopped,trial_yesno_response.keys,trial_yesno_response.rt,trial_yesno_response.duration,click_yesno_mouse.x,click_yesno_mouse.y,click_yesno_mouse.leftButton,click_yesno_mouse.midButton,click_yesno_mouse.rightButton,click_yesno_mouse.time,click_yesno_mouse.clicked_name,train_written_response.started,train_written_response.stopped,typed_text,textbox_response_training.text,click_written_mouse.x,click_written_mouse.y,click_written_mouse.leftButton,click_written_mouse.midButton,click_written_mouse.rightButton,click_written_mouse.time,click_written_mouse.clicked_name,clear_enter_train.started,clear_enter_train.stopped,training_loop.thisRepN,training_loop.thisTrialN,training_loop.thisN,training_loop.thisIndex,training_loop.ran,trialno,feature_name,feature_file,train_feedback.started,train_feedback.stopped,click_feedback_mouse.x,click_feedback_mouse.y,click_feedback_mouse.leftButton,click_feedback_mouse.midButton,click_feedback_mouse.rightButton,click_feedback_mouse.time,click_feedback_mouse.clicked_name,train_feedback_goon_keyresp.keys,train_feedback_goon_keyresp.rt,train_feedback_goon_keyresp.duration,main_start_screen.started,main_start_screen.stopped,click_mainstart_mouse.x,click_mainstart_mouse.y,click_mainstart_mouse.leftButton,click_mainstart_mouse.midButton,click_mainstart_mouse.rightButton,click_mainstart_mouse.time,click_mainstart_mouse.clicked_name,main_start_screen_goon_keyresp.keys,main_start_screen_goon_keyresp.rt,main_start_screen_goon_keyresp.duration,csv_selector_main.started,csv_selector_main.stopped,main_fixation.started,main_fixation.stopped,main_mask.started,main_mask.stopped,main_stimulus_presentation.started,main_stimulus_presentation.stopped,stop_main_loop.keys,stop_main_loop.rt,stop_main_loop.duration,main_yesno_response.started,main_yesno_response.stopped,main_yesno_key_response.keys,main_yesno_key_response.rt,main_yesno_key_response.duration,main_yesno_mouse.x,main_yesno_mouse.y,main_yesno_mouse.leftButton,main_yesno_mouse.midButton,main_yesno_mouse.rightButton,main_yesno_mouse.time,main_yesno_mouse.clicked_name,main_written_response.started,main_written_response.stopped,textbox_response_main.text,main_written_mouse.x,main_written_mouse.y,main_written_mouse.leftButton,main_written_mouse.midButton,main_written_mouse.rightButton,main_written_mouse.time,main_written_mouse.clicked_name,main_loop.thisRepN,main_loop.thisTrialN,main_loop.thisN,main_loop.thisIndex,main_loop.ran,main_feedback.started,main_feedback.stopped,main_feedback_mouse.x,main_feedback_mouse.y,main_feedback_mouse.leftButton,main_feedback_mouse.midButton,main_feedback_mouse.rightButton,main_feedback_mouse.time,main_feedback_mouse.clicked_name,main_feedback_goon_keyresp.keys,main_feedback_goon_keyresp.rt,main_feedback_goon_keyresp.duration,end.started,end.stopped,end_goon_keyresp.keys,end_goon_keyresp.rt,end_goon_keyresp.duration,binoc_find.started,binoc_find.stopped,click_binocfind_mouse.x,click_binocfind_mouse.y,click_binocfind_mouse.leftButton,click_binocfind_mouse.midButton,click_binocfind_mouse.rightButton,click_binocfind_mouse.time,click_binocfind_mouse.clicked_name,binoc_find_goon_keyresp.keys,binoc_find_goon_keyresp.rt,binoc_find_goon_keyresp.duration
0.0002,0.0004,P3253,001,2,1,01,2026-05-12_16h00.53.359,untitled,2025.2.4,Win32,59.88023952,fixed_lists/stimlist01.csv,sequences/a05/a05_listE.csv,1.171812386,sequences/a05/a05_listE.csv,,,,,,,,,,,,,,,,,,,,,,,,,,,,,,,,,,,,,,,,,,,,,,,,,,,,,,,,,,,,,,,,,,,,,,,,,,,,,,,,,,,,,,,,,,,,,,,,,,,,,,,,,,,,,,,,,,,,,,,,,,,,,,,,,,,,,,,,,,,,,,,,,,,,,,,,,,,,,,,,,,,,,,,,,,,,,,,,,,,,,,,,,,,,,,,,,,,,,,,,,,,,,,,,,,,,,,,,,,,,,,,,,,,,,,,,,,,,,,,
,,P3253,001,2,1,01,2026-05-12_16h00.53.359,untitled,2025.2.4,Win32,59.88023952,fixed_lists/stimlist01.csv,sequences/a05/a05_listE.csv,1.171812386,sequences/a05/a05_listE.csv,0.0005,2.4467,[0.012962977091471354],[0.011111118175365307],[1],[0],[0],[2.444499999999998],"[""btn_start_img""]",,,,,,,,,,,,,,,,,,,,,,,,,,,,,,,,,,,,,,,,,,,,,,,,,,,,,,,,,,,,,,,,,,,,,,,,,,,,,,,,,,,,,,,,,,,,,,,,,,,,,,,,,,,,,,,,,,,,,,,,,,,,,,,,,,,,,,,,,,,,,,,,,,,,,,,,,,,,,,,,,,,,,,,,,,,,,,,,,,,,,,,,,,,,,,,,,,,,,,,,,,,,,,,,,,,,,,,,,,,,,,,,,,,,,,
,,P3253,001,2,1,01,2026-05-12_16h00.53.359,untitled,2025.2.4,Win32,59.88023952,fixed_lists/stimlist01.csv,sequences/a05/a05_listE.csv,1.171812386,sequences/a05/a05_listE.csv,,,,,,,,,,,2.4474,34.7125,[],[],[],[],[],[],[],space,32.2322,,,,,,,,,,,,,,,,,,,,,,,,,,,,,,,,,,,,,,,,,,,,,,,,,,,,,,,,,,,,,,,,,,,,,,,,,,,,,,,,,,,,,,,,,,,,,,,,,,,,,,,,,,,,,,,,,,,,,,,,,,,,,,,,,,,,,,,,,,,,,,,,,,,,,,,,,,,,,,,,,,,,,,,,,,,,,,,,,,,,,,,,,,,,,,,,,,,,,,,,,,,,,,,,,,,,,,,,,,
,,P3253,001,2,1,01,2026-05-12_16h00.53.359,untitled,2025.2.4,Win32,59.88023952,fixed_lists/stimlist01.csv,sequences/a05/a05_listE.csv,1.171812386,sequences/a05/a05_listE.csv,,,,,,,,,,,,,,,,,,,,,,,34.7128,39.8535,[],[],[],[],[],[],[],space,5.1024,,,,,,,,,,,,,,,,,,,,,,,,,,,,,,,,,,,,,,,,,,,,,,,,,,,,,,,,,,,,,,,,,,,,,,,,,,,,,,,,,,,,,,,,,,,,,,,,,,,,,,,,,,,,,,,,,,,,,,,,,,,,,,,,,,,,,,,,,,,,,,,,,,,,,,,,,,,,,,,,,,,,,,,,,,,,,,,,,,,,,,,,,,,,,,,,,,,,,,,,,,,,,,
,,P3253,001,2,1,01,2026-05-12_16h00.53.359,untitled,2025.2.4,Win32,59.88023952,fixed_lists/stimlist01.csv,sequences/a05/a05_listE.csv,1.171812386,sequences/a05/a05_listE.csv,,,,,,,,,,,,,,,,,,,,,,,,,,,,,,,,,,,39.8538,46.3303,[],[],[],[],[],[],[],space,6.4356,,,,,,,,,,,,,,,,,,,,,,,,,,,,,,,,,,,,,,,,,,,,,,,,,,,,,,,,,,,,,,,,,,,,,,,,,,,,,,,,,,,,,,,,,,,,,,,,,,,,,,,,,,,,,,,,,,,,,,,,,,,,,,,,,,,,,,,,,,,,,,,,,,,,,,,,,,,,,,,,,,,,,,,,,,,,,,,,,,,,,,,,,,,,,,,,,,
,,P3253,001,2,1,01,2026-05-12_16h00.53.359,untitled,2025.2.4,Win32,59.88023952,fixed_lists/stimlist01.csv,sequences/a05/a05_listE.csv,1.171812386,sequences/a05/a05_listE.csv,,,,,,,,,,,,,,,,,,,,,,,,,,,,,,,,,,,,,,,,,,,,,,,46.3306,46.331,[],[],[],[],[],[],[],,,,,,,,,,,,,,,,,,,,,,,,,,,,,,,,,,,,,,,,,,,,,,,,,,,,,,,,,,,,,,,,,,,,,,,,,,,,,,,,,,,,,,,,,,,,,,,,,,,,,,,,,,,,,,,,,,,,,,,,,,,,,,,,,,,,,,,,,,,,,,,,,,,,,,,,,,,,,,,,,,,,,,,,,,,,,,,,,,,,,,,,
,,P3253,001,2,1,01,2026-05-12_16h00.53.359,untitled,2025.2.4,Win32,59.88023952,fixed_lists/stimlist01.csv,sequences/a05/a05_listE.csv,1.171812386,sequences/a05/a05_listE.csv,,,,,,,,,,,,,,,,,,,,,,,,,,,,,,,,,,,,,,,,,,,,,,,,,,,,,,,,,46.3312,53.1908,[],[],[],[],[],[],[],space,6.821,,,,,,,,,,,,,,,,,,,,,,,,,,,,,,,,,,,,,,,,,,,,,,,,,,,,,,,,,,,,,,,,,,,,,,,,,,,,,,,,,,,,,,,,,,,,,,,,,,,,,,,,,,,,,,,,,,,,,,,,,,,,,,,,,,,,,,,,,,,,,,,,,,,,,,,,,,,,,,,,,,,,,,,,,,,,
,,P3253,001,2,1,01,2026-05-12_16h00.53.359,untitled,2025.2.4,Win32,59.88023952,fixed_lists/stimlist01.csv,sequences/a05/a05_listE.csv,1.171812386,sequences/a05/a05_listE.csv,,,,,,,,,,,,,,,,,,,,,,,,,,,,,,,,,,,,,,,,,,,,,,,,,,,,,,,,,,,,,,,,,,,,,53.1911,60.6518,[],[],[],[],[],[],[],space,7.4198,,,,,,,,,,,,,,,,,,,,,,,,,,,,,,,,,,,,,,,,,,,,,,,,,,,,,,,,,,,,,,,,,,,,,,,,,,,,,,,,,,,,,,,,,,,,,,,,,,,,,,,,,,,,,,,,,,,,,,,,,,,,,,,,,,,,,,,,,,,,,,,,,,,,,,,,,,,,,,,,
,,P3253,001,2,1,01,2026-05-12_16h00.53.359,untitled,2025.2.4,Win32,59.88023952,fixed_lists/stimlist01.csv,sequences/a05/a05_listE.csv,1.171812386,sequences/a05/a05_listE.csv,,,,,,,,,,,,,,,,,,,,,,,,,,,,,,,,,,,,,,,,,,,,,,,,,,,,,,,,,,,,,,,,,,,,,,,,,,,,,,,,,60.6521,96.3063,[],[],[],[],[],[],[],space,35.6231,,,,,,,,,,,,,,,,,,,,,,,,,,,,,,,,,,,,,,,,,,,,,,,,,,,,,,,,,,,,,,,,,,,,,,,,,,,,,,,,,,,,,,,,,,,,,,,,,,,,,,,,,,,,,,,,,,,,,,,,,,,,,,,,,,,,,,,,,,,,,,,,,,,,
,,P3253,001,2,1,01,2026-05-12_16h00.53.359,untitled,2025.2.4,Win32,59.88023952,fixed_lists/stimlist01.csv,sequences/a05/a05_listE.csv,1.171812386,sequences/a05/a05_listE.csv,,,,,,,,,,,,,,,,,,,,,,,,,,,,,,,,,,,,,,,,,,,,,,,,,,,,,,,,,,,,,,,,,,,,,,,,,,,,,,,,,,,,,,,,,,,,,96.3066,117.2883,[],[],[],[],[],[],[],space,20.9544,,,,,,,,,,,,,,,,,,,,,,,,,,,,,,,,,,,,,,,,,,,,,,,,,,,,,,,,,,,,,,,,,,,,,,,,,,,,,,,,,,,,,,,,,,,,,,,,,,,,,,,,,,,,,,,,,,,,,,,,,,,,,,,,,,,,,,,,
,,P3253,001,2,1,01,2026-05-12_16h00.53.359,untitled,2025.2.4,Win32,59.88023952,fixed_lists/stimlist01.csv,sequences/f12/f12_list.csv,1.070206853,sequences/a05/a05_listE.csv,,,,,,,,,,,,,,,,,,,,,,,,,,,,,,,,,,,,,,,,,,,,,,,,,,,,,,,,,,,,,,,,,,,,,,,,,,,,,,,,,,,,,,,,,,,,,,,,,,,,,,,,,117.2913,117.2914,117.2923,118.3729,118.3731,119.3744,119.3748,121.3778,[],,,121.3782,129.6403,right,8.2327,,[],[],[],[],[],[],[],129.6406,129.6436,,,[],[],[],[],[],[],[],129.6437,129.6438,0,0,0,0,1,1,LEHET_ESZIK,stimuli/f00417.png,,,,,,,,,,,,,,,,,,,,,,,,,,,,,,,,,,,,,,,,,,,,,,,,,,,,,,,,,,,,,,,,,,,,,,,,,,,,,,,,,,,,,,,,,,,
,,P3253,001,2,1,01,2026-05-12_16h00.53.359,untitled,2025.2.4,Win32,59.88023952,fixed_lists/stimlist01.csv,sequences/f12/f12_list.csv,0.831682702,sequences/a05/a05_listE.csv,,,,,,,,,,,,,,,,,,,,,,,,,,,,,,,,,,,,,,,,,,,,,,,,,,,,,,,,,,,,,,,,,,,,,,,,,,,,,,,,,,,,,,,,,,,,,,,,,,,,,,,,,,,129.644,130.4915,130.4915,131.4927,131.493,133.4961,[],,,133.4966,157.7496,right,24.2182,,[],[],[],[],[],[],[],157.75,172.2891,kertben eszel ,kertben eszel ,[],[],[],[],[],[],[],172.2893,172.2893,0,1,1,1,1,2,HOL_KERT,stimuli/f00278.png,,,,,,,,,,,,,,,,,,,,,,,,,,,,,,,,,,,,,,,,,,,,,,,,,,,,,,,,,,,,,,,,,,,,,,,,,,,,,,,,,,,,,,,,,,,
,,P3253,001,2,1,01,2026-05-12_16h00.53.359,untitled,2025.2.4,Win32,59.88023952,fixed_lists/stimlist01.csv,sequences/f12/f12_list.csv,1.010900933,sequences/a05/a05_listE.csv,,,,,,,,,,,,,,,,,,,,,,,,,,,,,,,,,,,,,,,,,,,,,,,,,,,,,,,,,,,,,,,,,,,,,,,,,,,,,,,,,,,,,,,,,,,,,,,,,,,,,,,,,,,172.2895,173.3067,173.3067,174.3081,174.3084,176.3114,[],,,176.3119,192.4532,right,16.1109,,[],[],[],[],[],[],[],192.4535,197.6944,slime,slime,[],[],[],[],[],[],[],197.6946,197.6946,0,2,2,2,1,3,ILYEN_PIROS,stimuli/f00862.png,,,,,,,,,,,,,,,,,,,,,,,,,,,,,,,,,,,,,,,,,,,,,,,,,,,,,,,,,,,,,,,,,,,,,,,,,,,,,,,,,,,,,,,,,,,
,,P3253,001,2,1,01,2026-05-12_16h00.53.359,untitled,2025.2.4,Win32,59.88023952,fixed_lists/stimlist01.csv,sequences/f12/f12_list.csv,1.184540009,sequences/a05/a05_listE.csv,,,,,,,,,,,,,,,,,,,,,,,,,,,,,,,,,,,,,,,,,,,,,,,,,,,,,,,,,,,,,,,,,,,,,,,,,,,,,,,,,,,,,,,,,,,,,,,,,,,,,,,,,,,197.6948,198.8957,198.8957,199.8985,199.8988,201.9003,[],,,201.9009,205.4223,right,3.5112,,[],[],[],[],[],[],[],205.4226,211.3152,zöld slime,zöld slime,[],[],[],[],[],[],[],211.3153,211.3153,0,3,3,3,1,4,ALFAJTA_ZOLD,stimuli/f00843.png,,,,,,,,,,,,,,,,,,,,,,,,,,,,,,,,,,,,,,,,,,,,,,,,,,,,,,,,,,,,,,,,,,,,,,,,,,,,,,,,,,,,,,,,,,,
,,P3253,001,2,1,01,2026-05-12_16h00.53.359,untitled,2025.2.4,Win32,59.88023952,fixed_lists/stimlist01.csv,sequences/f12/f12_list.csv,1.150853467,sequences/a05/a05_listE.csv,,,,,,,,,,,,,,,,,,,,,,,,,,,,,,,,,,,,,,,,,,,,,,,,,,,,,,,,,,,,,,,,,,,,,,,,,,,,,,,,,,,,,,,,,,,,,,,,,,,,,,,,,,,211.3155,212.4666,212.4666,213.4679,213.4682,215.4709,[],,,215.4713,222.6988,left,7.2134,,[],[],[],[],[],[],[],222.6991,222.7001,,,[],[],[],[],[],[],[],222.7002,222.7002,0,4,4,4,1,5,FAJTA_GYUMOLCS,stimuli/f00142.png,,,,,,,,,,,,,,,,,,,,,,,,,,,,,,,,,,,,,,,,,,,,,,,,,,,,,,,,,,,,,,,,,,,,,,,,,,,,,,,,,,,,,,,,,,,
,,P3253,001,2,1,01,2026-05-12_16h00.53.359,untitled,2025.2.4,Win32,59.88023952,fixed_lists/stimlist01.csv,sequences/f12/f12_list.csv,0.960138536,sequences/a05/a05_listE.csv,,,,,,,,,,,,,,,,,,,,,,,,,,,,,,,,,,,,,,,,,,,,,,,,,,,,,,,,,,,,,,,,,,,,,,,,,,,,,,,,,,,,,,,,,,,,,,,,,,,,,,,,,,,222.7004,223.6669,223.667,224.6683,224.6686,226.6714,[],,,226.6718,238.7398,right,12.0614,,[],[],[],[],[],[],[],238.7401,245.9015,orvosi készlet,orvosi készlet,[],[],[],[],[],[],[],245.9016,245.9016,0,5,5,5,1,6,ILYEN_EGESZSEGES,stimuli/f01008.png,,,,,,,,,,,,,,,,,,,,,,,,,,,,,,,,,,,,,,,,,,,,,,,,,,,,,,,,,,,,,,,,,,,,,,,,,,,,,,,,,,,,,,,,,,,
,,P3253,001,2,1,01,2026-05-12_16h00.53.359,untitled,2025.2.4,Win32,59.88023952,fixed_lists/stimlist01.csv,sequences/f12/f12_list.csv,1.051280551,sequences/a05/a05_listE.csv,,,,,,,,,,,,,,,,,,,,,,,,,,,,,,,,,,,,,,,,,,,,,,,,,,,,,,,,,,,,,,,,,,,,,,,,,,,,,,,,,,,,,,,,,,,,,,,,,,,,,,,,,,,245.9017,246.9691,246.9692,247.9708,247.971,249.9736,[],,,249.9739,268.0846,left,18.096,,[],[],[],[],[],[],[],268.0848,268.086,,,[],[],[],[],[],[],[],268.086,268.086,0,6,6,6,1,7,ILYEN_KORALAKU,stimuli/f01320.png,,,,,,,,,,,,,,,,,,,,,,,,,,,,,,,,,,,,,,,,,,,,,,,,,,,,,,,,,,,,,,,,,,,,,,,,,,,,,,,,,,,,,,,,,,,
,,P3253,001,2,1,01,2026-05-12_16h00.53.359,untitled,2025.2.4,Win32,59.88023952,fixed_lists/stimlist01.csv,sequences/f12/f12_list.csv,0.967455343,sequences/a05/a05_listE.csv,,,,,,,,,,,,,,,,,,,,,,,,,,,,,,,,,,,,,,,,,,,,,,,,,,,,,,,,,,,,,,,,,,,,,,,,,,,,,,,,,,,,,,,,,,,,,,,,,,,,,,,,,,,268.0862,269.0693,269.0694,270.0709,270.0712,272.0742,[],,,272.0744,280.7706,right,8.6799,,[],[],[],[],[],[],[],280.7709,283.8765,alma,alma,[],[],[],[],[],[],[],283.8766,283.8766,0,7,7,7,1,8,HOL_PIAC,stimuli/f01585.png,,,,,,,,,,,,,,,,,,,,,,,,,,,,,,,,,,,,,,,,,,,,,,,,,,,,,,,,,,,,,,,,,,,,,,,,,,,,,,,,,,,,,,,,,,,
,,P3253,001,2,1,01,2026-05-12_16h00.53.359,untitled,2025.2.4,Win32,59.88023952,fixed_lists/stimlist01.csv,sequences/f12/f12_list.csv,0.900412391,sequences/a05/a05_listE.csv,,,,,,,,,,,,,,,,,,,,,,,,,,,,,,,,,,,,,,,,,,,,,,,,,,,,,,,,,,,,,,,,,,,,,,,,,,,,,,,,,,,,,,,,,,,,,,,,,,,,,,,,,,,283.8769,284.7933,284.7934,285.7951,285.7954,287.798,[],,,287.7982,293.1061,left,5.296,,[],[],[],[],[],[],[],293.1063,293.1075,,,[],[],[],[],[],[],[],293.1075,293.1075,0,8,8,8,1,9,HOL_FA,stimuli/f01714.png,,,,,,,,,,,,,,,,,,,,,,,,,,,,,,,,,,,,,,,,,,,,,,,,,,,,,,,,,,,,,,,,,,,,,,,,,,,,,,,,,,,,,,,,,,,
,,P3253,001,2,1,01,2026-05-12_16h00.53.359,untitled,2025.2.4,Win32,59.88023952,fixed_lists/stimlist01.csv,sequences/f12/f12_list.csv,0.812796321,sequences/a05/a05_listE.csv,,,,,,,,,,,,,,,,,,,,,,,,,,,,,,,,,,,,,,,,,,,,,,,,,,,,,,,,,,,,,,,,,,,,,,,,,,,,,,,,,,,,,,,,,,,,,,,,,,,,,,,,,,,293.1077,293.9241,293.9242,294.9255,294.9258,296.929,[],,,296.9293,300.9848,left,4.0446,,[],[],[],[],[],[],[],300.985,300.9861,,,[],[],[],[],[],[],[],300.9861,300.9861,0,9,9,9,1,10,ILYEN_FINOM,stimuli/f00192.png,,,,,,,,,,,,,,,,,,,,,,,,,,,,,,,,,,,,,,,,,,,,,,,,,,,,,,,,,,,,,,,,,,,,,,,,,,,,,,,,,,,,,,,,,,,
,,P3253,001,2,1,01,2026-05-12_16h00.53.359,untitled,2025.2.4,Win32,59.88023952,fixed_lists/stimlist01.csv,sequences/t24/t24_list.csv,0.864130753,sequences/a05/a05_listE.csv,,,,,,,,,,,,,,,,,,,,,,,,,,,,,,,,,,,,,,,,,,,,,,,,,,,,,,,,,,,,,,,,,,,,,,,,,,,,,,,,,,,,,,,,,,,,,,,,,,,,,,,,,329.6131,329.6131,329.6138,330.4797,330.4798,331.4815,331.4817,333.4846,[],,,333.485,336.5064,right,2.9919,,[],[],[],[],[],[],[],336.5066,336.5074,,,[],[],[],[],[],[],[],336.5074,336.5074,0,0,0,0,1,1,HOL_HAZ,stimuli/f00772.png,300.9865,329.6128,[],[],[],[],[],[],[],space,28.5878,,,,,,,,,,,,,,,,,,,,,,,,,,,,,,,,,,,,,,,,,,,,,,,,,,,,,,,,,,,,,,,,,,,,,,,,,,,,,,,,
,,P3253,001,2,1,01,2026-05-12_16h00.53.359,untitled,2025.2.4,Win32,59.88023952,fixed_lists/stimlist01.csv,sequences/t24/t24_list.csv,0.849130106,sequences/a05/a05_listE.csv,,,,,,,,,,,,,,,,,,,,,,,,,,,,,,,,,,,,,,,,,,,,,,,,,,,,,,,,,,,,,,,,,,,,,,,,,,,,,,,,,,,,,,,,,,,,,,,,,,,,,,,,,,,336.5075,337.3568,337.3568,338.3584,338.3587,340.3618,[],,,340.3621,349.9094,left,9.5302,,[],[],[],[],[],[],[],349.9095,349.9107,,,[],[],[],[],[],[],[],349.9107,349.9107,0,1,1,1,1,2,HOL_ISKOLA,stimuli/f00284.png,,,,,,,,,,,,,,,,,,,,,,,,,,,,,,,,,,,,,,,,,,,,,,,,,,,,,,,,,,,,,,,,,,,,,,,,,,,,,,,,,,,,,,,,,,,
,,P3253,001,2,1,01,2026-05-12_16h00.53.359,untitled,2025.2.4,Win32,59.88023952,fixed_lists/stimlist01.csv,sequences/t24/t24_list.csv,1.092805015,sequences/a05/a05_listE.csv,,,,,,,,,,,,,,,,,,,,,,,,,,,,,,,,,,,,,,,,,,,,,,,,,,,,,,,,,,,,,,,,,,,,,,,,,,,,,,,,,,,,,,,,,,,,,,,,,,,,,,,,,,,349.9108,351.0113,351.0113,352.0126,352.0129,354.0156,[],,,354.0159,359.7244,right,5.7039,,[],[],[],[],[],[],[],359.7246,364.5988,játékok,játékok,[],[],[],[],[],[],[],364.5989,364.5989,0,2,2,2,1,3,FAJTA_TARGY,stimuli/f02335.png,,,,,,,,,,,,,,,,,,,,,,,,,,,,,,,,,,,,,,,,,,,,,,,,,,,,,,,,,,,,,,,,,,,,,,,,,,,,,,,,,,,,,,,,,,,
,,P3253,001,2,1,01,2026-05-12_16h00.53.359,untitled,2025.2.4,Win32,59.88023952,fixed_lists/stimlist01.csv,sequences/t24/t24_list.csv,0.9124837,sequences/a05/a05_listE.csv,,,,,,,,,,,,,,,,,,,,,,,,,,,,,,,,,,,,,,,,,,,,,,,,,,,,,,,,,,,,,,,,,,,,,,,,,,,,,,,,,,,,,,,,,,,,,,,,,,,,,,,,,,,364.5991,365.5167,365.5167,366.518,366.5183,368.5215,[],,,368.5219,373.6958,right,5.1546,,[],[],[],[],[],[],[],373.696,392.3417,kivágják a fát,kivágják a fát,[],[],[],[],[],[],[],392.3418,392.3418,0,3,3,3,1,4,MIBOL_FA,stimuli/f00398.png,,,,,,,,,,,,,,,,,,,,,,,,,,,,,,,,,,,,,,,,,,,,,,,,,,,,,,,,,,,,,,,,,,,,,,,,,,,,,,,,,,,,,,,,,,,
,,P3253,001,2,1,01,2026-05-12_16h00.53.359,untitled,2025.2.4,Win32,59.88023952,fixed_lists/stimlist01.csv,sequences/t24/t24_list.csv,0.925833642,sequences/a05/a05_listE.csv,,,,,,,,,,,,,,,,,,,,,,,,,,,,,,,,,,,,,,,,,,,,,,,,,,,,,,,,,,,,,,,,,,,,,,,,,,,,,,,,,,,,,,,,,,,,,,,,,,,,,,,,,,,392.342,393.2755,393.2756,394.277,394.2773,396.2804,[],,,396.2808,400.5035,left,4.2086,,[],[],[],[],[],[],[],400.5037,400.5045,,,[],[],[],[],[],[],[],400.5046,400.5046,0,4,4,4,1,5,MIBOL_MUANYAG,stimuli/f00922.png,,,,,,,,,,,,,,,,,,,,,,,,,,,,,,,,,,,,,,,,,,,,,,,,,,,,,,,,,,,,,,,,,,,,,,,,,,,,,,,,,,,,,,,,,,,
,,P3253,001,2,1,01,2026-05-12_16h00.53.359,untitled,2025.2.4,Win32,59.88023952,fixed_lists/stimlist01.csv,sequences/t24/t24_list.csv,0.865390259,sequences/a05/a05_listE.csv,,,,,,,,,,,,,,,,,,,,,,,,,,,,,,,,,,,,,,,,,,,,,,,,,,,,,,,,,,,,,,,,,,,,,,,,,,,,,,,,,,,,,,,,,,,,,,,,,,,,,,,,,,,400.5048,401.3713,401.3713,402.3728,402.3731,404.3758,[],,,404.3762,413.8739,left,9.4806,,[],[],[],[],[],[],[],413.8742,413.8751,,,[],[],[],[],[],[],[],413.8751,413.8751,0,5,5,5,1,6,LEHET_LOVAGOL,stimuli/f01533.png,,,,,,,,,,,,,,,,,,,,,,,,,,,,,,,,,,,,,,,,,,,,,,,,,,,,,,,,,,,,,,,,,,,,,,,,,,,,,,,,,,,,,,,,,,,
,,P3253,001,2,1,01,2026-05-12_16h00.53.359,untitled,2025.2.4,Win32,59.88023952,fixed_lists/stimlist01.csv,sequences/t24/t24_list.csv,1.086777836,sequences/a05/a05_listE.csv,,,,,,,,,,,,,,,,,,,,,,,,,,,,,,,,,,,,,,,,,,,,,,,,,,,,,,,,,,,,,,,,,,,,,,,,,,,,,,,,,,,,,,,,,,,,,,,,,,,,,,,,,,,413.8752,414.9753,414.9753,415.9767,415.977,417.9799,[],,,417.9803,423.7888,left,5.7975,,[],[],[],[],[],[],[],423.789,423.7899,,,[],[],[],[],[],[],[],423.7899,423.7899,0,6,6,6,1,7,LEHET_HASZNAL,stimuli/f02183.png,,,,,,,,,,,,,,,,,,,,,,,,,,,,,,,,,,,,,,,,,,,,,,,,,,,,,,,,,,,,,,,,,,,,,,,,,,,,,,,,,,,,,,,,,,,
,,P3253,001,2,1,01,2026-05-12_16h00.53.359,untitled,2025.2.4,Win32,59.88023952,fixed_lists/stimlist01.csv,sequences/t24/t24_list.csv,0.808956216,sequences/a05/a05_listE.csv,,,,,,,,,,,,,,,,,,,,,,,,,,,,,,,,,,,,,,,,,,,,,,,,,,,,,,,,,,,,,,,,,,,,,,,,,,,,,,,,,,,,,,,,,,,,,,,,,,,,,,,,,,,423.7902,424.6065,424.6066,425.6084,425.6086,427.6113,[],,,427.6116,431.4505,left,3.8304,,[],[],[],[],[],[],[],431.4506,431.4515,,,[],[],[],[],[],[],[],431.4516,431.4516,0,7,7,7,1,8,ILYEN_HOSSZU,stimuli/f01327.png,,,,,,,,,,,,,,,,,,,,,,,,,,,,,,,,,,,,,,,,,,,,,,,,,,,,,,,,,,,,,,,,,,,,,,,,,,,,,,,,,,,,,,,,,,,
,,P3253,001,2,1,01,2026-05-12_16h00.53.359,untitled,2025.2.4,Win32,59.88023952,fixed_lists/stimlist01.csv,sequences/t24/t24_list.csv,1.180391796,sequences/a05/a05_listE.csv,,,,,,,,,,,,,,,,,,,,,,,,,,,,,,,,,,,,,,,,,,,,,,,,,,,,,,,,,,,,,,,,,,,,,,,,,,,,,,,,,,,,,,,,,,,,,,,,,,,,,,,,,,,431.4518,432.6356,432.6356,433.637,433.6374,435.6401,[],,,435.6405,445.0881,left,9.4331,,[],[],[],[],[],[],[],445.0883,445.0892,,,[],[],[],[],[],[],[],445.0892,445.0892,0,8,8,8,1,9,ILYEN_BARNA,stimuli/f00840.png,,,,,,,,,,,,,,,,,,,,,,,,,,,,,,,,,,,,,,,,,,,,,,,,,,,,,,,,,,,,,,,,,,,,,,,,,,,,,,,,,,,,,,,,,,,
,,P3253,001,2,1,01,2026-05-12_16h00.53.359,untitled,2025.2.4,Win32,59.88023952,fixed_lists/stimlist01.csv,sequences/t24/t24_list.csv,1.160991953,sequences/a05/a05_listE.csv,,,,,,,,,,,,,,,,,,,,,,,,,,,,,,,,,,,,,,,,,,,,,,,,,,,,,,,,,,,,,,,,,,,,,,,,,,,,,,,,,,,,,,,,,,,,,,,,,,,,,,,,,,,445.0894,446.2563,446.2563,447.2582,447.2585,449.2615,[],,,449.2621,453.4006,left,4.1325,,[],[],[],[],[],[],[],453.4008,453.4018,,,[],[],[],[],[],[],[],453.4018,453.4018,0,9,9,9,1,10,HOL_FOLD,stimuli/f01051.png,,,,,,,,,,,,,,,,,,,,,,,,,,,,,,,,,,,,,,,,,,,,,,,,,,,,,,,,,,,,,,,,,,,,,,,,,,,,,,,,,,,,,,,,,,,
,,P3253,001,2,1,01,2026-05-12_16h00.53.359,untitled,2025.2.4,Win32,59.88023952,fixed_lists/stimlist01.csv,sequences/a19/a19_list.csv,1.136149176,sequences/a05/a05_listE.csv,,,,,,,,,,,,,,,,,,,,,,,,,,,,,,,,,,,,,,,,,,,,,,,,,,,,,,,,,,,,,,,,,,,,,,,,,,,,,,,,,,,,,,,,,,,,,,,,,,,,,,,,,486.6186,486.6186,486.6194,487.7696,487.7697,488.7713,488.7715,490.7745,[],,,490.7749,494.1962,right,3.3911,,[],[],[],[],[],[],[],494.1964,494.1974,,,[],[],[],[],[],[],[],494.1976,494.1976,0,0,0,0,1,1,FAJTA_ELOLENY,stimuli/f00635.png,453.4029,486.6183,[],[],[],[],[],[],[],space,33.1832,,,,,,,,,,,,,,,,,,,,,,,,,,,,,,,,,,,,,,,,,,,,,,,,,,,,,,,,,,,,,,,,,,,,,,,,,,,,,,,,
,,P3253,001,2,1,01,2026-05-12_16h00.53.359,untitled,2025.2.4,Win32,59.88023952,fixed_lists/stimlist01.csv,sequences/a19/a19_list.csv,0.870571483,sequences/a05/a05_listE.csv,,,,,,,,,,,,,,,,,,,,,,,,,,,,,,,,,,,,,,,,,,,,,,,,,,,,,,,,,,,,,,,,,,,,,,,,,,,,,,,,,,,,,,,,,,,,,,,,,,,,,,,,,,,494.1977,495.0808,495.0808,496.0825,496.0828,498.0853,[],,,498.0856,506.732,right,8.6266,,[],[],[],[],[],[],[],506.7323,509.8038,boci,boci,[],[],[],[],[],[],[],509.8039,509.8039,0,1,1,1,1,2,HOL_FARM,stimuli/f01147.png,,,,,,,,,,,,,,,,,,,,,,,,,,,,,,,,,,,,,,,,,,,,,,,,,,,,,,,,,,,,,,,,,,,,,,,,,,,,,,,,,,,,,,,,,,,
,,P3253,001,2,1,01,2026-05-12_16h00.53.359,untitled,2025.2.4,Win32,59.88023952,fixed_lists/stimlist01.csv,sequences/a19/a19_list.csv,1.120533206,sequences/a05/a05_listE.csv,,,,,,,,,,,,,,,,,,,,,,,,,,,,,,,,,,,,,,,,,,,,,,,,,,,,,,,,,,,,,,,,,,,,,,,,,,,,,,,,,,,,,,,,,,,,,,,,,,,,,,,,,,,509.8041,510.9383,510.9384,511.9401,511.9405,513.9429,[],,,513.9433,518.8839,left,4.9113,,[],[],[],[],[],[],[],518.8841,518.8849,,,[],[],[],[],[],[],[],518.8849,518.8849,0,2,2,2,1,3,ILYEN_NAGY,stimuli/f00968.png,,,,,,,,,,,,,,,,,,,,,,,,,,,,,,,,,,,,,,,,,,,,,,,,,,,,,,,,,,,,,,,,,,,,,,,,,,,,,,,,,,,,,,,,,,,
,,P3253,001,2,1,01,2026-05-12_16h00.53.359,untitled,2025.2.4,Win32,59.88023952,fixed_lists/stimlist01.csv,sequences/a19/a19_list.csv,0.993145161,sequences/a05/a05_listE.csv,,,,,,,,,,,,,,,,,,,,,,,,,,,,,,,,,,,,,,,,,,,,,,,,,,,,,,,,,,,,,,,,,,,,,,,,,,,,,,,,,,,,,,,,,,,,,,,,,,,,,,,,,,,518.8852,519.8853,519.8853,520.8869,520.8871,522.8899,[],,,522.8903,527.2299,left,4.3301,,[],[],[],[],[],[],[],527.2301,527.231,,,[],[],[],[],[],[],[],527.231,527.231,0,3,3,3,1,4,FAJTA_ALLAT,stimuli/f00660.png,,,,,,,,,,,,,,,,,,,,,,,,,,,,,,,,,,,,,,,,,,,,,,,,,,,,,,,,,,,,,,,,,,,,,,,,,,,,,,,,,,,,,,,,,,,
,,P3253,001,2,1,01,2026-05-12_16h00.53.359,untitled,2025.2.4,Win32,59.88023952,fixed_lists/stimlist01.csv,sequences/a19/a19_list.csv,1.132824317,sequences/a05/a05_listE.csv,,,,,,,,,,,,,,,,,,,,,,,,,,,,,,,,,,,,,,,,,,,,,,,,,,,,,,,,,,,,,,,,,,,,,,,,,,,,,,,,,,,,,,,,,,,,,,,,,,,,,,,,,,,527.2311,528.3652,528.3652,529.3664,529.3666,531.3695,[],,,531.3698,533.2391,right,1.8587,,[],[],[],[],[],[],[],533.2393,541.8364,lovacska,lovacska,[],[],[],[],[],[],[],541.8365,541.8365,0,4,4,4,1,5,ILYEN_BARNA,stimuli/f00840.png,,,,,,,,,,,,,,,,,,,,,,,,,,,,,,,,,,,,,,,,,,,,,,,,,,,,,,,,,,,,,,,,,,,,,,,,,,,,,,,,,,,,,,,,,,,
,,P3253,001,2,1,01,2026-05-12_16h00.53.359,untitled,2025.2.4,Win32,59.88023952,fixed_lists/stimlist01.csv,sequences/a19/a19_list.csv,0.816867432,sequences/a05/a05_listE.csv,,,,,,,,,,,,,,,,,,,,,,,,,,,,,,,,,,,,,,,,,,,,,,,,,,,,,,,,,,,,,,,,,,,,,,,,,,,,,,,,,,,,,,,,,,,,,,,,,,,,,,,,,,,541.8367,542.6704,542.6704,543.6716,543.6719,545.6747,[],,,545.6749,548.1286,left,2.4421,,[],[],[],[],[],[],[],548.1288,548.1297,,,[],[],[],[],[],[],[],548.1297,548.1297,0,5,5,5,1,6,ILYEN_GYORS,stimuli/f00608.png,,,,,,,,,,,,,,,,,,,,,,,,,,,,,,,,,,,,,,,,,,,,,,,,,,,,,,,,,,,,,,,,,,,,,,,,,,,,,,,,,,,,,,,,,,,
,,P3253,001,2,1,01,2026-05-12_16h00.53.359,untitled,2025.2.4,Win32,59.88023952,fixed_lists/stimlist01.csv,sequences/a19/a19_list.csv,1.1479111,sequences/a05/a05_listE.csv,,,,,,,,,,,,,,,,,,,,,,,,,,,,,,,,,,,,,,,,,,,,,,,,,,,,,,,,,,,,,,,,,,,,,,,,,,,,,,,,,,,,,,,,,,,,,,,,,,,,,,,,,,,548.1299,549.2803,549.2804,550.2817,550.282,552.2848,[],,,552.2851,555.7902,left,3.489,,[],[],[],[],[],[],[],555.7904,555.7913,,,[],[],[],[],[],[],[],555.7914,555.7914,0,6,6,6,1,7,ILYEN_FEKETE,stimuli/f00865.png,,,,,,,,,,,,,,,,,,,,,,,,,,,,,,,,,,,,,,,,,,,,,,,,,,,,,,,,,,,,,,,,,,,,,,,,,,,,,,,,,,,,,,,,,,,
,,P3253,001,2,1,01,2026-05-12_16h00.53.359,untitled,2025.2.4,Win32,59.88023952,fixed_lists/stimlist01.csv,sequences/a19/a19_list.csv,1.074518532,sequences/a05/a05_listE.csv,,,,,,,,,,,,,,,,,,,,,,,,,,,,,,,,,,,,,,,,,,,,,,,,,,,,,,,,,,,,,,,,,,,,,,,,,,,,,,,,,,,,,,,,,,,,,,,,,,,,,,,,,,,555.7916,556.875,556.875,557.8766,557.8769,559.8797,[],,,559.8801,563.2015,left,3.3094,,[],[],[],[],[],[],[],563.2017,563.2027,,,[],[],[],[],[],[],[],563.2027,563.2027,0,7,7,7,1,8,RESZE_FUL,stimuli/f00168.png,,,,,,,,,,,,,,,,,,,,,,,,,,,,,,,,,,,,,,,,,,,,,,,,,,,,,,,,,,,,,,,,,,,,,,,,,,,,,,,,,,,,,,,,,,,
,,P3253,001,2,1,01,2026-05-12_16h00.53.359,untitled,2025.2.4,Win32,59.88023952,fixed_lists/stimlist01.csv,sequences/a19/a19_list.csv,1.096871517,sequences/a05/a05_listE.csv,,,,,,,,,,,,,,,,,,,,,,,,,,,,,,,,,,,,,,,,,,,,,,,,,,,,,,,,,,,,,,,,,,,,,,,,,,,,,,,,,,,,,,,,,,,,,,,,,,,,,,,,,,,563.2029,564.303,564.303,565.3048,565.3051,567.3077,[],,,567.308,573.0333,left,5.7083,,[],[],[],[],[],[],[],573.0334,573.0342,,,[],[],[],[],[],[],[],573.0344,573.0344,0,8,8,8,1,9,ILYEN_SZOROS,stimuli/f01669.png,,,,,,,,,,,,,,,,,,,,,,,,,,,,,,,,,,,,,,,,,,,,,,,,,,,,,,,,,,,,,,,,,,,,,,,,,,,,,,,,,,,,,,,,,,,
,,P3253,001,2,1,01,2026-05-12_16h00.53.359,untitled,2025.2.4,Win32,59.88023952,fixed_lists/stimlist01.csv,sequences/a19/a19_list.csv,0.963526078,sequences/a05/a05_listE.csv,,,,,,,,,,,,,,,,,,,,,,,,,,,,,,,,,,,,,,,,,,,,,,,,,,,,,,,,,,,,,,,,,,,,,,,,,,,,,,,,,,,,,,,,,,,,,,,,,,,,,,,,,,,573.0345,574.0013,574.0013,575.0028,575.0031,577.006,[],,,577.0064,580.6615,left,3.6473,,[],[],[],[],[],[],[],580.6617,580.6629,,,[],[],[],[],[],[],[],580.6629,580.6629,0,9,9,9,1,10,TUD_SZALLIT,stimuli/f01531.png,,,,,,,,,,,,,,,,,,,,,,,,,,,,,,,,,,,,,,,,,,,,,,,,,,,,,,,,,,,,,,,,,,,,,,,,,,,,,,,,,,,,,,,,,,,
,,P3253,001,2,1,01,2026-05-12_16h00.53.359,untitled,2025.2.4,Win32,59.88023952,fixed_lists/stimlist01.csv,sequences/a19/a19_list.csv,0.963526078,sequences/a05/a05_listE.csv,,,,,,,,,,,,,,,,,,,,,,,,,,,,,,,,,,,,,,,,,,,,,,,,,,,,,,,,,,,,,,,,,,,,,,,,,,,,,,,,,,,,,,,,,,,,,,,,,,,,,,,,,,,,,,,,,,,,,,,,,,,,,,,,,,,,,,,,,,,,,,,,,,,,,580.6636,619.7713,[],[],[],[],[],[],[],space,39.0789,,619.7717,651.5573,[],[],[],[],[],[],[],space,31.7654,,,,,,,,,,,,,,,,,,,,,,,,,,,,,,,,,,,,,,,,,,,,,,,,,,,,,,,,,,,,,,,,,,,,
,,P3253,001,2,1,01,2026-05-12_16h00.53.359,untitled,2025.2.4,Win32,59.88023952,fixed_lists/stimlist01.csv,sequences/a19/a19_list.csv,0.863285417,sequences/ty07/ty07_list.csv,,,,,,,,,,,,,,,,,,,,,,,,,,,,,,,,,,,,,,,,,,,,,,,,,,,,,,,,,,,,,,,,,,,,,,,,,,,,,,,,,,,,,,,,,,,,,,,,,,,,,,,,,,,,,,,,,,,,,,,,,,,,,,,,,,,,,,,,,,,,,,,,,,1,TUD_RAJZOL,stimuli/f00210.png,,,,,,,,,,,,,,,,,,,,,,,,,651.5587,651.5587,651.5594,652.4412,652.4413,653.4431,653.4434,655.446,[],,,655.4464,659.8871,right,4.4209,,[],[],[],[],[],[],[],659.8873,659.8885,,[],[],[],[],[],[],[],0,0,0,0,1,,,,,,,,,,,,,,,,,,,,,,,,,,,,,
,,P3253,001,2,1,01,2026-05-12_16h00.53.359,untitled,2025.2.4,Win32,59.88023952,fixed_lists/stimlist01.csv,sequences/a19/a19_list.csv,1.139481126,sequences/ty07/ty07_list.csv,,,,,,,,,,,,,,,,,,,,,,,,,,,,,,,,,,,,,,,,,,,,,,,,,,,,,,,,,,,,,,,,,,,,,,,,,,,,,,,,,,,,,,,,,,,,,,,,,,,,,,,,,,,,,,,,,,,,,,,,,,,,,,,,,,,,,,,,,,,,,,,,,,2,ILYEN_VEKONY,stimuli/f00387.png,,,,,,,,,,,,,,,,,,,,,,,,,,,659.8887,661.0348,661.0349,662.0358,662.0361,664.0387,[],,,664.039,673.9576,left,9.895,,[],[],[],[],[],[],[],673.9577,673.9585,,[],[],[],[],[],[],[],0,1,1,1,1,,,,,,,,,,,,,,,,,,,,,,,,,,,,,
,,P3253,001,2,1,01,2026-05-12_16h00.53.359,untitled,2025.2.4,Win32,59.88023952,fixed_lists/stimlist01.csv,sequences/a19/a19_list.csv,0.880227303,sequences/ty07/ty07_list.csv,,,,,,,,,,,,,,,,,,,,,,,,,,,,,,,,,,,,,,,,,,,,,,,,,,,,,,,,,,,,,,,,,,,,,,,,,,,,,,,,,,,,,,,,,,,,,,,,,,,,,,,,,,,,,,,,,,,,,,,,,,,,,,,,,,,,,,,,,,,,,,,,,,3,ILYEN_SZINES,stimuli/f00851.png,,,,,,,,,,,,,,,,,,,,,,,,,,,673.9587,674.8551,674.8551,675.8603,675.8605,677.8634,[],,,677.8637,687.3275,right,9.4475,,[],[],[],[],[],[],[],687.3277,692.6161,szivárvány,[],[],[],[],[],[],[],0,2,2,2,1,,,,,,,,,,,,,,,,,,,,,,,,,,,,,
,,P3253,001,2,1,01,2026-05-12_16h00.53.359,untitled,2025.2.4,Win32,59.88023952,fixed_lists/stimlist01.csv,sequences/a19/a19_list.csv,0.970085207,sequences/ty07/ty07_list.csv,,,,,,,,,,,,,,,,,,,,,,,,,,,,,,,,,,,,,,,,,,,,,,,,,,,,,,,,,,,,,,,,,,,,,,,,,,,,,,,,,,,,,,,,,,,,,,,,,,,,,,,,,,,,,,,,,,,,,,,,,,,,,,,,,,,,,,,,,,,,,,,,,,4,KI_GYEREK,stimuli/f00398.png,,,,,,,,,,,,,,,,,,,,,,,,,,,692.6164,693.6005,693.6005,694.6018,694.602,696.6051,[],,,696.6055,702.5011,left,5.8773,,[],[],[],[],[],[],[],702.5012,702.502,,[],[],[],[],[],[],[],0,3,3,3,1,,,,,,,,,,,,,,,,,,,,,,,,,,,,,
,,P3253,001,2,1,01,2026-05-12_16h00.53.359,untitled,2025.2.4,Win32,59.88023952,fixed_lists/stimlist01.csv,sequences/a19/a19_list.csv,0.845148046,sequences/ty07/ty07_list.csv,,,,,,,,,,,,,,,,,,,,,,,,,,,,,,,,,,,,,,,,,,,,,,,,,,,,,,,,,,,,,,,,,,,,,,,,,,,,,,,,,,,,,,,,,,,,,,,,,,,,,,,,,,,,,,,,,,,,,,,,,,,,,,,,,,,,,,,,,,,,,,,,,,5,MIBOL_FA,stimuli/f00047.png,,,,,,,,,,,,,,,,,,,,,,,,,,,702.5022,703.352,703.352,704.3668,704.3671,706.3738,[],,,706.3741,712.65,left,6.2597,,[],[],[],[],[],[],[],712.6502,712.6509,,[],[],[],[],[],[],[],0,4,4,4,1,,,,,,,,,,,,,,,,,,,,,,,,,,,,,
,,P3253,001,2,1,01,2026-05-12_16h00.53.359,untitled,2025.2.4,Win32,59.88023952,fixed_lists/stimlist01.csv,sequences/a19/a19_list.csv,0.844146564,sequences/ty07/ty07_list.csv,,,,,,,,,,,,,,,,,,,,,,,,,,,,,,,,,,,,,,,,,,,,,,,,,,,,,,,,,,,,,,,,,,,,,,,,,,,,,,,,,,,,,,,,,,,,,,,,,,,,,,,,,,,,,,,,,,,,,,,,,,,,,,,,,,,,,,,,,,,,,,,,,,6,FAJTA_TARGY,stimuli/f00544.png,,,,,,,,,,,,,,,,,,,,,,,,,,,712.651,713.4977,713.4977,714.499,714.4993,716.5022,[],,,716.5025,724.869,left,8.3466,,[],[],[],[],[],[],[],724.8692,724.8699,,[],[],[],[],[],[],[],0,5,5,5,1,,,,,,,,,,,,,,,,,,,,,,,,,,,,,
,,P3253,001,2,1,01,2026-05-12_16h00.53.359,untitled,2025.2.4,Win32,59.88023952,fixed_lists/stimlist01.csv,sequences/a19/a19_list.csv,1.102169454,sequences/ty07/ty07_list.csv,,,,,,,,,,,,,,,,,,,,,,,,,,,,,,,,,,,,,,,,,,,,,,,,,,,,,,,,,,,,,,,,,,,,,,,,,,,,,,,,,,,,,,,,,,,,,,,,,,,,,,,,,,,,,,,,,,,,,,,,,,,,,,,,,,,,,,,,,,,,,,,,,,7,LEHET_FOG,stimuli/f02335.png,,,,,,,,,,,,,,,,,,,,,,,,,,,724.8701,725.9832,725.9832,726.9847,726.985,728.9908,[],,,728.9912,740.6221,left,11.614,,[],[],[],[],[],[],[],740.6224,740.6232,,[],[],[],[],[],[],[],0,6,6,6,1,,,,,,,,,,,,,,,,,,,,,,,,,,,,,
,,P3253,001,2,1,01,2026-05-12_16h00.53.359,untitled,2025.2.4,Win32,59.88023952,fixed_lists/stimlist01.csv,sequences/a19/a19_list.csv,0.873068355,sequences/ty07/ty07_list.csv,,,,,,,,,,,,,,,,,,,,,,,,,,,,,,,,,,,,,,,,,,,,,,,,,,,,,,,,,,,,,,,,,,,,,,,,,,,,,,,,,,,,,,,,,,,,,,,,,,,,,,,,,,,,,,,,,,,,,,,,,,,,,,,,,,,,,,,,,,,,,,,,,,8,HOL_ISKOLA,stimuli/f00284.png,,,,,,,,,,,,,,,,,,,,,,,,,,,740.6234,741.5071,741.5071,742.5083,742.5085,744.5152,[],,,744.5156,748.4702,left,3.9381,,[],[],[],[],[],[],[],748.4704,748.4712,,[],[],[],[],[],[],[],0,7,7,7,1,,,,,,,,,,,,,,,,,,,,,,,,,,,,,
,,P3253,001,2,1,01,2026-05-12_16h00.53.359,untitled,2025.2.4,Win32,59.88023952,fixed_lists/stimlist01.csv,sequences/a19/a19_list.csv,1.194966606,sequences/ty07/ty07_list.csv,,,,,,,,,,,,,,,,,,,,,,,,,,,,,,,,,,,,,,,,,,,,,,,,,,,,,,,,,,,,,,,,,,,,,,,,,,,,,,,,,,,,,,,,,,,,,,,,,,,,,,,,,,,,,,,,,,,,,,,,,,,,,,,,,,,,,,,,,,,,,,,,,,9,LEHET_IR,stimuli/f02502.png,,,,,,,,,,,,,,,,,,,,,,,,,,,748.4713,749.6697,749.6697,750.6708,750.6712,752.6738,[],,,752.6742,768.5147,right,15.8167,,[],[],[],[],[],[],[],768.5148,771.541,füzet,[],[],[],[],[],[],[],0,8,8,8,1,,,,,,,,,,,,,,,,,,,,,,,,,,,,,
,,P3253,001,2,1,01,2026-05-12_16h00.53.359,untitled,2025.2.4,Win32,59.88023952,fixed_lists/stimlist01.csv,sequences/a19/a19_list.csv,0.829694591,sequences/ty07/ty07_list.csv,,,,,,,,,,,,,,,,,,,,,,,,,,,,,,,,,,,,,,,,,,,,,,,,,,,,,,,,,,,,,,,,,,,,,,,,,,,,,,,,,,,,,,,,,,,,,,,,,,,,,,,,,,,,,,,,,,,,,,,,,,,,,,,,,,,,,,,,,,,,,,,,,,10,LEHET_JATSZIK,stimuli/f01441.png,,,,,,,,,,,,,,,,,,,,,,,,,,,771.5413,772.374,772.374,773.389,773.3892,775.3917,[],,,775.392,783.8717,left,8.4462,,[],[],[],[],[],[],[],783.8719,783.8727,,[],[],[],[],[],[],[],0,9,9,9,1,,,,,,,,,,,,,,,,,,,,,,,,,,,,,
,,P3253,001,2,1,01,2026-05-12_16h00.53.359,untitled,2025.2.4,Win32,59.88023952,fixed_lists/stimlist01.csv,sequences/a19/a19_list.csv,1.194430918,sequences/l02/l02_list.csv,,,,,,,,,,,,,,,,,,,,,,,,,,,,,,,,,,,,,,,,,,,,,,,,,,,,,,,,,,,,,,,,,,,,,,,,,,,,,,,,,,,,,,,,,,,,,,,,,,,,,,,,,,,,,,,,,,,,,,,,,,,,,,,,,,,,,,,,,,,,,,,,,,1,HOL_KINT,stimuli/f02311.png,,,,,,,,,,,,,,,,,,,,,,,,,833.3845,833.3845,833.3852,834.5856,834.5857,835.6006,835.601,837.6035,[],,,837.6038,846.5712,right,8.9485,,[],[],[],[],[],[],[],846.5713,846.5725,,[],[],[],[],[],[],[],0,0,0,0,1,783.8731,833.3841,[],[],[],[],[],[],[],space,49.4797,,,,,,,,,,,,,,,,,,
,,P3253,001,2,1,01,2026-05-12_16h00.53.359,untitled,2025.2.4,Win32,59.88023952,fixed_lists/stimlist01.csv,sequences/a19/a19_list.csv,0.910182553,sequences/l02/l02_list.csv,,,,,,,,,,,,,,,,,,,,,,,,,,,,,,,,,,,,,,,,,,,,,,,,,,,,,,,,,,,,,,,,,,,,,,,,,,,,,,,,,,,,,,,,,,,,,,,,,,,,,,,,,,,,,,,,,,,,,,,,,,,,,,,,,,,,,,,,,,,,,,,,,,2,BENNE_BARAT,stimuli/f01183.png,,,,,,,,,,,,,,,,,,,,,,,,,,,846.5727,847.4851,847.4851,848.4865,848.4868,850.4935,[],,,850.4938,861.373,left,10.8587,,[],[],[],[],[],[],[],861.3732,861.3742,,[],[],[],[],[],[],[],0,1,1,1,1,,,,,,,,,,,,,,,,,,,,,,,,,,,,,
,,P3253,001,2,1,01,2026-05-12_16h00.53.359,untitled,2025.2.4,Win32,59.88023952,fixed_lists/stimlist01.csv,sequences/a19/a19_list.csv,0.981537161,sequences/l02/l02_list.csv,,,,,,,,,,,,,,,,,,,,,,,,,,,,,,,,,,,,,,,,,,,,,,,,,,,,,,,,,,,,,,,,,,,,,,,,,,,,,,,,,,,,,,,,,,,,,,,,,,,,,,,,,,,,,,,,,,,,,,,,,,,,,,,,,,,,,,,,,,,,,,,,,,3,ILYEN_NAGY,stimuli/f00968.png,,,,,,,,,,,,,,,,,,,,,,,,,,,861.3744,862.3577,862.3578,863.3597,863.3598,865.3626,[],,,865.363,882.3383,left,16.9553,,[],[],[],[],[],[],[],882.3385,882.3392,,[],[],[],[],[],[],[],0,2,2,2,1,,,,,,,,,,,,,,,,,,,,,,,,,,,,,
,,P3253,001,2,1,01,2026-05-12_16h00.53.359,untitled,2025.2.4,Win32,59.88023952,fixed_lists/stimlist01.csv,sequences/a19/a19_list.csv,0.807763629,sequences/l02/l02_list.csv,,,,,,,,,,,,,,,,,,,,,,,,,,,,,,,,,,,,,,,,,,,,,,,,,,,,,,,,,,,,,,,,,,,,,,,,,,,,,,,,,,,,,,,,,,,,,,,,,,,,,,,,,,,,,,,,,,,,,,,,,,,,,,,,,,,,,,,,,,,,,,,,,,4,BENNE_JATSZIK,stimuli/f01440.png,,,,,,,,,,,,,,,,,,,,,,,,,,,882.3395,883.1598,883.1598,884.1771,884.1774,886.1814,[],,,886.1817,897.5826,right,11.385,,[],[],[],[],[],[],[],897.5827,902.8202,udvari játék,[],[],[],[],[],[],[],0,3,3,3,1,,,,,,,,,,,,,,,,,,,,,,,,,,,,,
,,P3253,001,2,1,01,2026-05-12_16h00.53.359,untitled,2025.2.4,Win32,59.88023952,fixed_lists/stimlist01.csv,sequences/a19/a19_list.csv,0.827828668,sequences/l02/l02_list.csv,,,,,,,,,,,,,,,,,,,,,,,,,,,,,,,,,,,,,,,,,,,,,,,,,,,,,,,,,,,,,,,,,,,,,,,,,,,,,,,,,,,,,,,,,,,,,,,,,,,,,,,,,,,,,,,,,,,,,,,,,,,,,,,,,,,,,,,,,,,,,,,,,,5,FAJTA_HELY,stimuli/f00952.png,,,,,,,,,,,,,,,,,,,,,,,,,,,902.8204,903.6542,903.6543,904.6558,904.6561,906.6586,[],,,906.6591,910.3019,left,3.623,,[],[],[],[],[],[],[],910.3022,910.3029,,[],[],[],[],[],[],[],0,4,4,4,1,,,,,,,,,,,,,,,,,,,,,,,,,,,,,
,,P3253,001,2,1,01,2026-05-12_16h00.53.359,untitled,2025.2.4,Win32,59.88023952,fixed_lists/stimlist01.csv,sequences/a19/a19_list.csv,0.850342185,sequences/l02/l02_list.csv,,,,,,,,,,,,,,,,,,,,,,,,,,,,,,,,,,,,,,,,,,,,,,,,,,,,,,,,,,,,,,,,,,,,,,,,,,,,,,,,,,,,,,,,,,,,,,,,,,,,,,,,,,,,,,,,,,,,,,,,,,,,,,,,,,,,,,,,,,,,,,,,,,6,ILYEN_SZINES,stimuli/f00851.png,,,,,,,,,,,,,,,,,,,,,,,,,,,910.3031,911.1658,911.1658,912.1675,912.1677,914.1733,[],,,914.1735,923.5714,left,9.3814,,[],[],[],[],[],[],[],923.5715,923.5723,,[],[],[],[],[],[],[],0,5,5,5,1,,,,,,,,,,,,,,,,,,,,,,,,,,,,,
,,P3253,001,2,1,01,2026-05-12_16h00.53.359,untitled,2025.2.4,Win32,59.88023952,fixed_lists/stimlist01.csv,sequences/a19/a19_list.csv,1.10722815,sequences/l02/l02_list.csv,,,,,,,,,,,,,,,,,,,,,,,,,,,,,,,,,,,,,,,,,,,,,,,,,,,,,,,,,,,,,,,,,,,,,,,,,,,,,,,,,,,,,,,,,,,,,,,,,,,,,,,,,,,,,,,,,,,,,,,,,,,,,,,,,,,,,,,,,,,,,,,,,,7,KI_GYEREK,stimuli/f00047.png,,,,,,,,,,,,,,,,,,,,,,,,,,,923.5725,924.6865,924.6865,925.6879,925.6882,927.6943,[],,,927.6947,941.996,left,14.284,,[],[],[],[],[],[],[],941.9961,941.997,,[],[],[],[],[],[],[],0,6,6,6,1,,,,,,,,,,,,,,,,,,,,,,,,,,,,,
,,P3253,001,2,1,01,2026-05-12_16h00.53.359,untitled,2025.2.4,Win32,59.88023952,fixed_lists/stimlist01.csv,sequences/a19/a19_list.csv,0.930444464,sequences/l02/l02_list.csv,,,,,,,,,,,,,,,,,,,,,,,,,,,,,,,,,,,,,,,,,,,,,,,,,,,,,,,,,,,,,,,,,,,,,,,,,,,,,,,,,,,,,,,,,,,,,,,,,,,,,,,,,,,,,,,,,,,,,,,,,,,,,,,,,,,,,,,,,,,,,,,,,,8,HOL_VAROS,stimuli/f00275.png,,,,,,,,,,,,,,,,,,,,,,,,,,,941.9972,942.9308,942.9308,943.9323,943.9327,945.9391,[],,,945.9395,963.8293,left,17.8638,,[],[],[],[],[],[],[],963.8294,963.8304,,[],[],[],[],[],[],[],0,7,7,7,1,,,,,,,,,,,,,,,,,,,,,,,,,,,,,
,,P3253,001,2,1,01,2026-05-12_16h00.53.359,untitled,2025.2.4,Win32,59.88023952,fixed_lists/stimlist01.csv,sequences/a19/a19_list.csv,0.944160469,sequences/l02/l02_list.csv,,,,,,,,,,,,,,,,,,,,,,,,,,,,,,,,,,,,,,,,,,,,,,,,,,,,,,,,,,,,,,,,,,,,,,,,,,,,,,,,,,,,,,,,,,,,,,,,,,,,,,,,,,,,,,,,,,,,,,,,,,,,,,,,,,,,,,,,,,,,,,,,,,9,LEHET_MEGY,stimuli/f01538.png,,,,,,,,,,,,,,,,,,,,,,,,,,,963.8306,964.7808,964.7808,965.7822,965.7825,967.7853,[],,,967.7856,980.3549,right,12.5367,,[],[],[],[],[],[],[],980.3551,984.0483,bolt,[],[],[],[],[],[],[],0,8,8,8,1,,,,,,,,,,,,,,,,,,,,,,,,,,,,,
,,P3253,001,2,1,01,2026-05-12_16h00.53.359,untitled,2025.2.4,Win32,59.88023952,fixed_lists/stimlist01.csv,sequences/a19/a19_list.csv,0.982486167,sequences/l02/l02_list.csv,,,,,,,,,,,,,,,,,,,,,,,,,,,,,,,,,,,,,,,,,,,,,,,,,,,,,,,,,,,,,,,,,,,,,,,,,,,,,,,,,,,,,,,,,,,,,,,,,,,,,,,,,,,,,,,,,,,,,,,,,,,,,,,,,,,,,,,,,,,,,,,,,,10,BENNE_JATEK,stimuli/f01193.png,,,,,,,,,,,,,,,,,,,,,,,,,,,984.0486,985.0451,985.0451,986.0486,986.0488,988.0495,[],,,988.0498,1004.9253,right,16.855,,[],[],[],[],[],[],[],1004.9255,1013.8396,h&m,[],[],[],[],[],[],[],0,9,9,9,1,,,,,,,,,,,,,,,,,,,,,,,,,,,,,
,,P3253,001,2,1,01,2026-05-12_16h00.53.359,untitled,2025.2.4,Win32,59.88023952,fixed_lists/stimlist01.csv,sequences/a19/a19_list.csv,1.078742843,sequences/a16/a16_list.csv,,,,,,,,,,,,,,,,,,,,,,,,,,,,,,,,,,,,,,,,,,,,,,,,,,,,,,,,,,,,,,,,,,,,,,,,,,,,,,,,,,,,,,,,,,,,,,,,,,,,,,,,,,,,,,,,,,,,,,,,,,,,,,,,,,,,,,,,,,,,,,,,,,1,FAJTA_ELOLENY,stimuli/f00635.png,,,,,,,,,,,,,,,,,,,,,,,,,1068.1108,1068.1108,1068.1114,1069.1937,1069.1937,1070.1959,1070.1961,1072.1977,[],,,1072.1981,1079.606,right,7.3832,,[],[],[],[],[],[],[],1079.6062,1079.607,,[],[],[],[],[],[],[],0,0,0,0,1,1013.8405,1068.1106,[],[],[],[],[],[],[],space,54.2484,,,,,,,,,,,,,,,,,,
,,P3253,001,2,1,01,2026-05-12_16h00.53.359,untitled,2025.2.4,Win32,59.88023952,fixed_lists/stimlist01.csv,sequences/a19/a19_list.csv,0.84383654,sequences/a16/a16_list.csv,,,,,,,,,,,,,,,,,,,,,,,,,,,,,,,,,,,,,,,,,,,,,,,,,,,,,,,,,,,,,,,,,,,,,,,,,,,,,,,,,,,,,,,,,,,,,,,,,,,,,,,,,,,,,,,,,,,,,,,,,,,,,,,,,,,,,,,,,,,,,,,,,,2,NEGY_LAB,stimuli/f00188.png,,,,,,,,,,,,,,,,,,,,,,,,,,,1079.6073,1080.4617,1080.4617,1081.4787,1081.4791,1083.4819,[],,,1083.4823,1099.3362,right,15.8288,,[],[],[],[],[],[],[],1099.3363,1102.4079,tigris,[],[],[],[],[],[],[],0,1,1,1,1,,,,,,,,,,,,,,,,,,,,,,,,,,,,,
,,P3253,001,2,1,01,2026-05-12_16h00.53.359,untitled,2025.2.4,Win32,59.88023952,fixed_lists/stimlist01.csv,sequences/a19/a19_list.csv,1.027424629,sequences/a16/a16_list.csv,,,,,,,,,,,,,,,,,,,,,,,,,,,,,,,,,,,,,,,,,,,,,,,,,,,,,,,,,,,,,,,,,,,,,,,,,,,,,,,,,,,,,,,,,,,,,,,,,,,,,,,,,,,,,,,,,,,,,,,,,,,,,,,,,,,,,,,,,,,,,,,,,,3,ILYEN_BARNA,stimuli/f00840.png,,,,,,,,,,,,,,,,,,,,,,,,,,,1102.4082,1103.4423,1103.4423,1104.4438,1104.444,1106.4468,[],,,1106.4471,1113.3613,left,6.8943,,[],[],[],[],[],[],[],1113.3616,1113.3623,,[],[],[],[],[],[],[],0,2,2,2,1,,,,,,,,,,,,,,,,,,,,,,,,,,,,,
,,P3253,001,2,1,01,2026-05-12_16h00.53.359,untitled,2025.2.4,Win32,59.88023952,fixed_lists/stimlist01.csv,sequences/a19/a19_list.csv,1.019721369,sequences/a16/a16_list.csv,,,,,,,,,,,,,,,,,,,,,,,,,,,,,,,,,,,,,,,,,,,,,,,,,,,,,,,,,,,,,,,,,,,,,,,,,,,,,,,,,,,,,,,,,,,,,,,,,,,,,,,,,,,,,,,,,,,,,,,,,,,,,,,,,,,,,,,,,,,,,,,,,,4,RESZE_FUL,stimuli/f00168.png,,,,,,,,,,,,,,,,,,,,,,,,,,,1113.3626,1114.396,1114.396,1115.3971,1115.3972,1117.4003,[],,,1117.4005,1123.1094,left,5.6923,,[],[],[],[],[],[],[],1123.1097,1123.1105,,[],[],[],[],[],[],[],0,3,3,3,1,,,,,,,,,,,,,,,,,,,,,,,,,,,,,
,,P3253,001,2,1,01,2026-05-12_16h00.53.359,untitled,2025.2.4,Win32,59.88023952,fixed_lists/stimlist01.csv,sequences/a19/a19_list.csv,0.975904249,sequences/a16/a16_list.csv,,,,,,,,,,,,,,,,,,,,,,,,,,,,,,,,,,,,,,,,,,,,,,,,,,,,,,,,,,,,,,,,,,,,,,,,,,,,,,,,,,,,,,,,,,,,,,,,,,,,,,,,,,,,,,,,,,,,,,,,,,,,,,,,,,,,,,,,,,,,,,,,,,5,RESZE_ORR,stimuli/f01794.png,,,,,,,,,,,,,,,,,,,,,,,,,,,1123.1106,1124.0937,1124.0937,1125.1116,1125.1117,1127.1153,[],,,1127.1156,1131.3015,left,4.164,,[],[],[],[],[],[],[],1131.3017,1131.3026,,[],[],[],[],[],[],[],0,4,4,4,1,,,,,,,,,,,,,,,,,,,,,,,,,,,,,
,,P3253,001,2,1,01,2026-05-12_16h00.53.359,untitled,2025.2.4,Win32,59.88023952,fixed_lists/stimlist01.csv,sequences/a19/a19_list.csv,0.973729155,sequences/a16/a16_list.csv,,,,,,,,,,,,,,,,,,,,,,,,,,,,,,,,,,,,,,,,,,,,,,,,,,,,,,,,,,,,,,,,,,,,,,,,,,,,,,,,,,,,,,,,,,,,,,,,,,,,,,,,,,,,,,,,,,,,,,,,,,,,,,,,,,,,,,,,,,,,,,,,,,6,ILYEN_CUKI,stimuli/f00976.png,,,,,,,,,,,,,,,,,,,,,,,,,,,1131.3028,1132.2862,1132.2863,1133.291,1133.2912,1135.3075,[],,,1135.3077,1149.0323,right,13.7039,,[],[],[],[],[],[],[],1149.0324,1152.2556,nyuszi,[],[],[],[],[],[],[],0,5,5,5,1,,,,,,,,,,,,,,,,,,,,,,,,,,,,,
,,P3253,001,2,1,01,2026-05-12_16h00.53.359,untitled,2025.2.4,Win32,59.88023952,fixed_lists/stimlist01.csv,sequences/a19/a19_list.csv,1.195004267,sequences/a16/a16_list.csv,,,,,,,,,,,,,,,,,,,,,,,,,,,,,,,,,,,,,,,,,,,,,,,,,,,,,,,,,,,,,,,,,,,,,,,,,,,,,,,,,,,,,,,,,,,,,,,,,,,,,,,,,,,,,,,,,,,,,,,,,,,,,,,,,,,,,,,,,,,,,,,,,,7,TUD_FUT,stimuli/f00429.png,,,,,,,,,,,,,,,,,,,,,,,,,,,1152.2558,1153.452,1153.452,1154.4542,1154.4545,1156.4564,[],,,1156.4568,1161.3175,left,4.8411,,[],[],[],[],[],[],[],1161.3176,1161.3183,,[],[],[],[],[],[],[],0,6,6,6,1,,,,,,,,,,,,,,,,,,,,,,,,,,,,,
,,P3253,001,2,1,01,2026-05-12_16h00.53.359,untitled,2025.2.4,Win32,59.88023952,fixed_lists/stimlist01.csv,sequences/a19/a19_list.csv,1.084897574,sequences/a16/a16_list.csv,,,,,,,,,,,,,,,,,,,,,,,,,,,,,,,,,,,,,,,,,,,,,,,,,,,,,,,,,,,,,,,,,,,,,,,,,,,,,,,,,,,,,,,,,,,,,,,,,,,,,,,,,,,,,,,,,,,,,,,,,,,,,,,,,,,,,,,,,,,,,,,,,,8,HOL_KERT,stimuli/f00278.png,,,,,,,,,,,,,,,,,,,,,,,,,,,1161.3185,1162.4187,1162.4187,1163.4205,1163.4207,1165.4238,[],,,1165.4241,1169.1305,left,3.69,,[],[],[],[],[],[],[],1169.1306,1169.1316,,[],[],[],[],[],[],[],0,7,7,7,1,,,,,,,,,,,,,,,,,,,,,,,,,,,,,
,,P3253,001,2,1,01,2026-05-12_16h00.53.359,untitled,2025.2.4,Win32,59.88023952,fixed_lists/stimlist01.csv,sequences/a19/a19_list.csv,1.193191088,sequences/a16/a16_list.csv,,,,,,,,,,,,,,,,,,,,,,,,,,,,,,,,,,,,,,,,,,,,,,,,,,,,,,,,,,,,,,,,,,,,,,,,,,,,,,,,,,,,,,,,,,,,,,,,,,,,,,,,,,,,,,,,,,,,,,,,,,,,,,,,,,,,,,,,,,,,,,,,,,9,FAJTA_ALLAT,stimuli/f00660.png,,,,,,,,,,,,,,,,,,,,,,,,,,,1169.1318,1170.3309,1170.3309,1171.346,1171.3463,1173.3488,[],,,1173.3492,1181.3778,left,8.0079,,[],[],[],[],[],[],[],1181.3779,1181.3788,,[],[],[],[],[],[],[],0,8,8,8,1,,,,,,,,,,,,,,,,,,,,,,,,,,,,,
,,P3253,001,2,1,01,2026-05-12_16h00.53.359,untitled,2025.2.4,Win32,59.88023952,fixed_lists/stimlist01.csv,sequences/a19/a19_list.csv,0.815118039,sequences/a16/a16_list.csv,,,,,,,,,,,,,,,,,,,,,,,,,,,,,,,,,,,,,,,,,,,,,,,,,,,,,,,,,,,,,,,,,,,,,,,,,,,,,,,,,,,,,,,,,,,,,,,,,,,,,,,,,,,,,,,,,,,,,,,,,,,,,,,,,,,,,,,,,,,,,,,,,,10,RESZE_FAROK,stimuli/f01755.png,,,,,,,,,,,,,,,,,,,,,,,,,,,1181.379,1182.2002,1182.2002,1183.2008,1183.2011,1185.2037,[],,,1185.2041,1191.9607,right,6.732,,[],[],[],[],[],[],[],1191.9609,1195.8338,macska,[],[],[],[],[],[],[],0,9,9,9,1,,,,,,,,,,,,,,,,,,,,,,,,,,,,,
,,P3253,001,2,1,01,2026-05-12_16h00.53.359,untitled,2025.2.4,Win32,59.88023952,fixed_lists/stimlist01.csv,sequences/a19/a19_list.csv,0.851016763,sequences/c13/c13_list.csv,,,,,,,,,,,,,,,,,,,,,,,,,,,,,,,,,,,,,,,,,,,,,,,,,,,,,,,,,,,,,,,,,,,,,,,,,,,,,,,,,,,,,,,,,,,,,,,,,,,,,,,,,,,,,,,,,,,,,,,,,,,,,,,,,,,,,,,,,,,,,,,,,,1,LEHET_FELVESZ,stimuli/f00457.png,,,,,,,,,,,,,,,,,,,,,,,,,1247.6166,1247.6167,1247.6177,1248.4807,1248.4808,1249.4817,1249.482,1251.4886,[],,,1251.4889,1261.3709,right,9.8676,,[],[],[],[],[],[],[],1261.371,1261.3718,,[],[],[],[],[],[],[],0,0,0,0,1,1195.8345,1247.6164,[],[],[],[],[],[],[],space,51.7573,,,,,,,,,,,,,,,,,,
,,P3253,001,2,1,01,2026-05-12_16h00.53.359,untitled,2025.2.4,Win32,59.88023952,fixed_lists/stimlist01.csv,sequences/a19/a19_list.csv,0.897043769,sequences/c13/c13_list.csv,,,,,,,,,,,,,,,,,,,,,,,,,,,,,,,,,,,,,,,,,,,,,,,,,,,,,,,,,,,,,,,,,,,,,,,,,,,,,,,,,,,,,,,,,,,,,,,,,,,,,,,,,,,,,,,,,,,,,,,,,,,,,,,,,,,,,,,,,,,,,,,,,,2,FAJTA_TARGY,stimuli/f02335.png,,,,,,,,,,,,,,,,,,,,,,,,,,,1261.3721,1262.2881,1262.2881,1263.3064,1263.3066,1265.3097,[],,,1265.3101,1283.6508,right,18.3077,,[],[],[],[],[],[],[],1283.651,1298.4279,sátor,[],[],[],[],[],[],[],0,1,1,1,1,,,,,,,,,,,,,,,,,,,,,,,,,,,,,
,,P3253,001,2,1,01,2026-05-12_16h00.53.359,untitled,2025.2.4,Win32,59.88023952,fixed_lists/stimlist01.csv,sequences/a19/a19_list.csv,0.859856437,sequences/c13/c13_list.csv,,,,,,,,,,,,,,,,,,,,,,,,,,,,,,,,,,,,,,,,,,,,,,,,,,,,,,,,,,,,,,,,,,,,,,,,,,,,,,,,,,,,,,,,,,,,,,,,,,,,,,,,,,,,,,,,,,,,,,,,,,,,,,,,,,,,,,,,,,,,,,,,,,3,MIBOL_ANYAG,stimuli/f01253.png,,,,,,,,,,,,,,,,,,,,,,,,,,,1298.4282,1299.2943,1299.2943,1300.3094,1300.3096,1302.316,[],,,1302.3164,1313.3162,left,10.9786,,[],[],[],[],[],[],[],1313.3164,1313.3171,,[],[],[],[],[],[],[],0,2,2,2,1,,,,,,,,,,,,,,,,,,,,,,,,,,,,,
,,P3253,001,2,1,01,2026-05-12_16h00.53.359,untitled,2025.2.4,Win32,59.88023952,fixed_lists/stimlist01.csv,sequences/a19/a19_list.csv,0.946741901,sequences/c13/c13_list.csv,,,,,,,,,,,,,,,,,,,,,,,,,,,,,,,,,,,,,,,,,,,,,,,,,,,,,,,,,,,,,,,,,,,,,,,,,,,,,,,,,,,,,,,,,,,,,,,,,,,,,,,,,,,,,,,,,,,,,,,,,,,,,,,,,,,,,,,,,,,,,,,,,,4,HOL_EMBER,stimuli/f00440.png,,,,,,,,,,,,,,,,,,,,,,,,,,,1313.3173,1314.2862,1314.2863,1315.2987,1315.299,1317.3023,[],,,1317.3028,1324.9678,left,7.6453,,[],[],[],[],[],[],[],1324.9679,1324.9686,,[],[],[],[],[],[],[],0,3,3,3,1,,,,,,,,,,,,,,,,,,,,,,,,,,,,,
,,P3253,001,2,1,01,2026-05-12_16h00.53.359,untitled,2025.2.4,Win32,59.88023952,fixed_lists/stimlist01.csv,sequences/a19/a19_list.csv,1.187697184,sequences/c13/c13_list.csv,,,,,,,,,,,,,,,,,,,,,,,,,,,,,,,,,,,,,,,,,,,,,,,,,,,,,,,,,,,,,,,,,,,,,,,,,,,,,,,,,,,,,,,,,,,,,,,,,,,,,,,,,,,,,,,,,,,,,,,,,,,,,,,,,,,,,,,,,,,,,,,,,,5,RESZE_LABFEJ,stimuli/f00175.png,,,,,,,,,,,,,,,,,,,,,,,,,,,1324.9688,1326.1687,1326.1688,1327.1876,1327.1878,1329.2065,[],,,1329.2068,1347.6021,right,18.3789,,[],[],[],[],[],[],[],1347.6023,1352.8903,bokalánc,[],[],[],[],[],[],[],0,4,4,4,1,,,,,,,,,,,,,,,,,,,,,,,,,,,,,
,,P3253,001,2,1,01,2026-05-12_16h00.53.359,untitled,2025.2.4,Win32,59.88023952,fixed_lists/stimlist01.csv,sequences/a19/a19_list.csv,1.092429286,sequences/c13/c13_list.csv,,,,,,,,,,,,,,,,,,,,,,,,,,,,,,,,,,,,,,,,,,,,,,,,,,,,,,,,,,,,,,,,,,,,,,,,,,,,,,,,,,,,,,,,,,,,,,,,,,,,,,,,,,,,,,,,,,,,,,,,,,,,,,,,,,,,,,,,,,,,,,,,,,6,MIBOL_FONAL,stimuli/f01926.png,,,,,,,,,,,,,,,,,,,,,,,,,,,1352.8906,1353.9916,1353.9916,1354.9959,1354.9962,1356.9991,[],,,1356.9995,1362.8586,left,5.8429,,[],[],[],[],[],[],[],1362.8588,1362.8594,,[],[],[],[],[],[],[],0,5,5,5,1,,,,,,,,,,,,,,,,,,,,,,,,,,,,,
,,P3253,001,2,1,01,2026-05-12_16h00.53.359,untitled,2025.2.4,Win32,59.88023952,fixed_lists/stimlist01.csv,sequences/a19/a19_list.csv,1.082746742,sequences/c13/c13_list.csv,,,,,,,,,,,,,,,,,,,,,,,,,,,,,,,,,,,,,,,,,,,,,,,,,,,,,,,,,,,,,,,,,,,,,,,,,,,,,,,,,,,,,,,,,,,,,,,,,,,,,,,,,,,,,,,,,,,,,,,,,,,,,,,,,,,,,,,,,,,,,,,,,,7,HOL_UTCA,stimuli/f00907.png,,,,,,,,,,,,,,,,,,,,,,,,,,,1362.8596,1363.9433,1363.9433,1364.9613,1364.9615,1366.9822,[],,,1366.9825,1379.1629,left,12.1533,,[],[],[],[],[],[],[],1379.1631,1379.164,,[],[],[],[],[],[],[],0,6,6,6,1,,,,,,,,,,,,,,,,,,,,,,,,,,,,,
,,P3253,001,2,1,01,2026-05-12_16h00.53.359,untitled,2025.2.4,Win32,59.88023952,fixed_lists/stimlist01.csv,sequences/a19/a19_list.csv,1.029817988,sequences/c13/c13_list.csv,,,,,,,,,,,,,,,,,,,,,,,,,,,,,,,,,,,,,,,,,,,,,,,,,,,,,,,,,,,,,,,,,,,,,,,,,,,,,,,,,,,,,,,,,,,,,,,,,,,,,,,,,,,,,,,,,,,,,,,,,,,,,,,,,,,,,,,,,,,,,,,,,,8,FAJTA_RUHADARAB,stimuli/f00095.png,,,,,,,,,,,,,,,,,,,,,,,,,,,1379.1642,1380.1981,1380.1982,1381.1994,1381.1996,1383.2027,[],,,1383.203,1386.5935,left,3.3708,,[],[],[],[],[],[],[],1386.5937,1386.5944,,[],[],[],[],[],[],[],0,7,7,7,1,,,,,,,,,,,,,,,,,,,,,,,,,,,,,
,,P3253,001,2,1,01,2026-05-12_16h00.53.359,untitled,2025.2.4,Win32,59.88023952,fixed_lists/stimlist01.csv,sequences/a19/a19_list.csv,0.874737968,sequences/c13/c13_list.csv,,,,,,,,,,,,,,,,,,,,,,,,,,,,,,,,,,,,,,,,,,,,,,,,,,,,,,,,,,,,,,,,,,,,,,,,,,,,,,,,,,,,,,,,,,,,,,,,,,,,,,,,,,,,,,,,,,,,,,,,,,,,,,,,,,,,,,,,,,,,,,,,,,9,LEHET_JAR,stimuli/f00426.png,,,,,,,,,,,,,,,,,,,,,,,,,,,1386.5946,1387.4756,1387.4756,1388.477,1388.4773,1390.4803,[],,,1390.4806,1402.2356,right,11.7351,,[],[],[],[],[],[],[],1402.2357,1405.8416,gatya,[],[],[],[],[],[],[],0,8,8,8,1,,,,,,,,,,,,,,,,,,,,,,,,,,,,,
,,P3253,001,2,1,01,2026-05-12_16h00.53.359,untitled,2025.2.4,Win32,59.88023952,fixed_lists/stimlist01.csv,sequences/a19/a19_list.csv,1.106223373,sequences/c13/c13_list.csv,,,,,,,,,,,,,,,,,,,,,,,,,,,,,,,,,,,,,,,,,,,,,,,,,,,,,,,,,,,,,,,,,,,,,,,,,,,,,,,,,,,,,,,,,,,,,,,,,,,,,,,,,,,,,,,,,,,,,,,,,,,,,,,,,,,,,,,,,,,,,,,,,,10,RESZE_TALP,stimuli/f00480.png,,,,,,,,,,,,,,,,,,,,,,,,,,,1405.8419,1406.9556,1406.9556,1407.9568,1407.957,1409.9598,[],,,1409.9601,1424.5681,left,14.5885,,[],[],[],[],[],[],[],1424.5682,1424.5691,,[],[],[],[],[],[],[],0,9,9,9,1,,,,,,,,,,,,,,,,,,,,,,,,,,,,,
,,P3253,001,2,1,01,2026-05-12_16h00.53.359,untitled,2025.2.4,Win32,59.88023952,fixed_lists/stimlist01.csv,sequences/a19/a19_list.csv,1.148025666,sequences/t17/t17_list.csv,,,,,,,,,,,,,,,,,,,,,,,,,,,,,,,,,,,,,,,,,,,,,,,,,,,,,,,,,,,,,,,,,,,,,,,,,,,,,,,,,,,,,,,,,,,,,,,,,,,,,,,,,,,,,,,,,,,,,,,,,,,,,,,,,,,,,,,,,,,,,,,,,,1,MIBOL_FA,stimuli/f00398.png,,,,,,,,,,,,,,,,,,,,,,,,,1480.4678,1480.4678,1480.4686,1481.6193,1481.6193,1482.6207,1482.6209,1484.6238,[],,,1484.6242,1487.999,right,3.3554,,[],[],[],[],[],[],[],1487.9992,1487.9999,,[],[],[],[],[],[],[],0,0,0,0,1,1424.5698,1480.4675,[],[],[],[],[],[],[],space,55.8751,,,,,,,,,,,,,,,,,,
,,P3253,001,2,1,01,2026-05-12_16h00.53.359,untitled,2025.2.4,Win32,59.88023952,fixed_lists/stimlist01.csv,sequences/a19/a19_list.csv,1.00799646,sequences/t17/t17_list.csv,,,,,,,,,,,,,,,,,,,,,,,,,,,,,,,,,,,,,,,,,,,,,,,,,,,,,,,,,,,,,,,,,,,,,,,,,,,,,,,,,,,,,,,,,,,,,,,,,,,,,,,,,,,,,,,,,,,,,,,,,,,,,,,,,,,,,,,,,,,,,,,,,,2,NEGY_LAB,stimuli/f00188.png,,,,,,,,,,,,,,,,,,,,,,,,,,,1488,1489.0172,1489.0173,1490.0353,1490.0356,1492.0558,[],,,1492.0563,1510.0295,right,17.945,,[],[],[],[],[],[],[],1510.0296,1512.5881,szék,[],[],[],[],[],[],[],0,1,1,1,1,,,,,,,,,,,,,,,,,,,,,,,,,,,,,
,,P3253,001,2,1,01,2026-05-12_16h00.53.359,untitled,2025.2.4,Win32,59.88023952,fixed_lists/stimlist01.csv,sequences/a19/a19_list.csv,1.031189161,sequences/t17/t17_list.csv,,,,,,,,,,,,,,,,,,,,,,,,,,,,,,,,,,,,,,,,,,,,,,,,,,,,,,,,,,,,,,,,,,,,,,,,,,,,,,,,,,,,,,,,,,,,,,,,,,,,,,,,,,,,,,,,,,,,,,,,,,,,,,,,,,,,,,,,,,,,,,,,,,3,HOL_ISKOLA,stimuli/f00284.png,,,,,,,,,,,,,,,,,,,,,,,,,,,1512.5883,1513.6347,1513.6348,1514.64,1514.6403,1516.6427,[],,,1516.643,1527.9566,right,11.2853,,[],[],[],[],[],[],[],1527.9568,1531.1118,pad,[],[],[],[],[],[],[],0,2,2,2,1,,,,,,,,,,,,,,,,,,,,,,,,,,,,,
,,P3253,001,2,1,01,2026-05-12_16h00.53.359,untitled,2025.2.4,Win32,59.88023952,fixed_lists/stimlist01.csv,sequences/a19/a19_list.csv,1.115771016,sequences/t17/t17_list.csv,,,,,,,,,,,,,,,,,,,,,,,,,,,,,,,,,,,,,,,,,,,,,,,,,,,,,,,,,,,,,,,,,,,,,,,,,,,,,,,,,,,,,,,,,,,,,,,,,,,,,,,,,,,,,,,,,,,,,,,,,,,,,,,,,,,,,,,,,,,,,,,,,,4,BENNE_ESZIK,stimuli/f00508.png,,,,,,,,,,,,,,,,,,,,,,,,,,,1531.1121,1532.233,1532.233,1533.2479,1533.2481,1535.255,[],,,1535.2554,1540.8762,left,5.6029,,[],[],[],[],[],[],[],1540.8764,1540.877,,[],[],[],[],[],[],[],0,3,3,3,1,,,,,,,,,,,,,,,,,,,,,,,,,,,,,
,,P3253,001,2,1,01,2026-05-12_16h00.53.359,untitled,2025.2.4,Win32,59.88023952,fixed_lists/stimlist01.csv,sequences/a19/a19_list.csv,1.018056117,sequences/t17/t17_list.csv,,,,,,,,,,,,,,,,,,,,,,,,,,,,,,,,,,,,,,,,,,,,,,,,,,,,,,,,,,,,,,,,,,,,,,,,,,,,,,,,,,,,,,,,,,,,,,,,,,,,,,,,,,,,,,,,,,,,,,,,,,,,,,,,,,,,,,,,,,,,,,,,,,5,FAJTA_TARGY,stimuli/f02335.png,,,,,,,,,,,,,,,,,,,,,,,,,,,1540.8772,1541.8966,1541.8966,1542.9128,1542.9131,1544.9157,[],,,1544.9161,1550.8915,left,5.9552,,[],[],[],[],[],[],[],1550.8916,1550.8923,,[],[],[],[],[],[],[],0,4,4,4,1,,,,,,,,,,,,,,,,,,,,,,,,,,,,,
,,P3253,001,2,1,01,2026-05-12_16h00.53.359,untitled,2025.2.4,Win32,59.88023952,fixed_lists/stimlist01.csv,sequences/a19/a19_list.csv,1.089570527,sequences/t17/t17_list.csv,,,,,,,,,,,,,,,,,,,,,,,,,,,,,,,,,,,,,,,,,,,,,,,,,,,,,,,,,,,,,,,,,,,,,,,,,,,,,,,,,,,,,,,,,,,,,,,,,,,,,,,,,,,,,,,,,,,,,,,,,,,,,,,,,,,,,,,,,,,,,,,,,,6,HOL_HAZ,stimuli/f00772.png,,,,,,,,,,,,,,,,,,,,,,,,,,,1550.8926,1551.9932,1551.9932,1552.9945,1552.9949,1555.0012,[],,,1555.0014,1561.962,left,6.9432,,[],[],[],[],[],[],[],1561.9622,1561.963,,[],[],[],[],[],[],[],0,5,5,5,1,,,,,,,,,,,,,,,,,,,,,,,,,,,,,
,,P3253,001,2,1,01,2026-05-12_16h00.53.359,untitled,2025.2.4,Win32,59.88023952,fixed_lists/stimlist01.csv,sequences/a19/a19_list.csv,1.160929856,sequences/t17/t17_list.csv,,,,,,,,,,,,,,,,,,,,,,,,,,,,,,,,,,,,,,,,,,,,,,,,,,,,,,,,,,,,,,,,,,,,,,,,,,,,,,,,,,,,,,,,,,,,,,,,,,,,,,,,,,,,,,,,,,,,,,,,,,,,,,,,,,,,,,,,,,,,,,,,,,7,LEHET_RAJZOL,stimuli/f01198.png,,,,,,,,,,,,,,,,,,,,,,,,,,,1561.9632,1563.1268,1563.1268,1564.1283,1564.1284,1566.1353,[],,,1566.1356,1581.7219,right,15.563,,[],[],[],[],[],[],[],1581.722,1597.9309,négy ceruza,[],[],[],[],[],[],[],0,6,6,6,1,,,,,,,,,,,,,,,,,,,,,,,,,,,,,
,,P3253,001,2,1,01,2026-05-12_16h00.53.359,untitled,2025.2.4,Win32,59.88023952,fixed_lists/stimlist01.csv,sequences/a19/a19_list.csv,0.846238127,sequences/t17/t17_list.csv,,,,,,,,,,,,,,,,,,,,,,,,,,,,,,,,,,,,,,,,,,,,,,,,,,,,,,,,,,,,,,,,,,,,,,,,,,,,,,,,,,,,,,,,,,,,,,,,,,,,,,,,,,,,,,,,,,,,,,,,,,,,,,,,,,,,,,,,,,,,,,,,,,8,LEHET_IR,stimuli/f02502.png,,,,,,,,,,,,,,,,,,,,,,,,,,,1597.9312,1598.7812,1598.7812,1599.7827,1599.783,1601.7895,[],,,1601.7899,1605.595,left,3.7889,,[],[],[],[],[],[],[],1605.5953,1605.596,,[],[],[],[],[],[],[],0,7,7,7,1,,,,,,,,,,,,,,,,,,,,,,,,,,,,,
,,P3253,001,2,1,01,2026-05-12_16h00.53.359,untitled,2025.2.4,Win32,59.88023952,fixed_lists/stimlist01.csv,sequences/a19/a19_list.csv,1.187597502,sequences/t17/t17_list.csv,,,,,,,,,,,,,,,,,,,,,,,,,,,,,,,,,,,,,,,,,,,,,,,,,,,,,,,,,,,,,,,,,,,,,,,,,,,,,,,,,,,,,,,,,,,,,,,,,,,,,,,,,,,,,,,,,,,,,,,,,,,,,,,,,,,,,,,,,,,,,,,,,,9,HOL_LAKAS,stimuli/f01124.png,,,,,,,,,,,,,,,,,,,,,,,,,,,1605.5962,1606.7934,1606.7934,1607.7949,1607.7952,1609.7982,[],,,1609.7985,1616.4284,left,6.6104,,[],[],[],[],[],[],[],1616.4286,1616.4294,,[],[],[],[],[],[],[],0,8,8,8,1,,,,,,,,,,,,,,,,,,,,,,,,,,,,,
,,P3253,001,2,1,01,2026-05-12_16h00.53.359,untitled,2025.2.4,Win32,59.88023952,fixed_lists/stimlist01.csv,sequences/a19/a19_list.csv,0.901185783,sequences/t17/t17_list.csv,,,,,,,,,,,,,,,,,,,,,,,,,,,,,,,,,,,,,,,,,,,,,,,,,,,,,,,,,,,,,,,,,,,,,,,,,,,,,,,,,,,,,,,,,,,,,,,,,,,,,,,,,,,,,,,,,,,,,,,,,,,,,,,,,,,,,,,,,,,,,,,,,,10,LEHET_RATESZ,stimuli/f00326.png,,,,,,,,,,,,,,,,,,,,,,,,,,,1616.4297,1617.3428,1617.3428,1618.3446,1618.3448,1620.3493,[],,,1620.3496,1636.042,left,15.6743,,[],[],[],[],[],[],[],1636.0422,1636.0429,,[],[],[],[],[],[],[],0,9,9,9,1,,,,,,,,,,,,,,,,,,,,,,,,,,,,,
,,P3253,001,2,1,01,2026-05-12_16h00.53.359,untitled,2025.2.4,Win32,59.88023952,fixed_lists/stimlist01.csv,sequences/a19/a19_list.csv,1.08961561,sequences/v13/v13_list.csv,,,,,,,,,,,,,,,,,,,,,,,,,,,,,,,,,,,,,,,,,,,,,,,,,,,,,,,,,,,,,,,,,,,,,,,,,,,,,,,,,,,,,,,,,,,,,,,,,,,,,,,,,,,,,,,,,,,,,,,,,,,,,,,,,,,,,,,,,,,,,,,,,,1,RESZE_KEREK,stimuli/f01818.png,,,,,,,,,,,,,,,,,,,,,,,,,1694.1438,1694.1438,1694.1445,1695.2453,1695.2453,1696.2468,1696.2471,1698.2496,[],,,1698.2499,1702.6062,right,4.3285,,[],[],[],[],[],[],[],1702.6064,1702.6072,,[],[],[],[],[],[],[],0,0,0,0,1,1636.0432,1694.1435,[],[],[],[],[],[],[],space,58.0667,,,,,,,,,,,,,,,,,,
,,P3253,001,2,1,01,2026-05-12_16h00.53.359,untitled,2025.2.4,Win32,59.88023952,fixed_lists/stimlist01.csv,sequences/a19/a19_list.csv,1.02713242,sequences/v13/v13_list.csv,,,,,,,,,,,,,,,,,,,,,,,,,,,,,,,,,,,,,,,,,,,,,,,,,,,,,,,,,,,,,,,,,,,,,,,,,,,,,,,,,,,,,,,,,,,,,,,,,,,,,,,,,,,,,,,,,,,,,,,,,,,,,,,,,,,,,,,,,,,,,,,,,,2,TUD_GURUL,stimuli/f01967.png,,,,,,,,,,,,,,,,,,,,,,,,,,,1702.6075,1703.6411,1703.6411,1704.6426,1704.6429,1706.6459,[],,,1706.6463,1717.8964,right,11.2157,,[],[],[],[],[],[],[],1717.8967,1721.1851,kocsi,[],[],[],[],[],[],[],0,1,1,1,1,,,,,,,,,,,,,,,,,,,,,,,,,,,,,
,,P3253,001,2,1,01,2026-05-12_16h00.53.359,untitled,2025.2.4,Win32,59.88023952,fixed_lists/stimlist01.csv,sequences/a19/a19_list.csv,1.100249677,sequences/v13/v13_list.csv,,,,,,,,,,,,,,,,,,,,,,,,,,,,,,,,,,,,,,,,,,,,,,,,,,,,,,,,,,,,,,,,,,,,,,,,,,,,,,,,,,,,,,,,,,,,,,,,,,,,,,,,,,,,,,,,,,,,,,,,,,,,,,,,,,,,,,,,,,,,,,,,,,3,ILYEN_GYORS,stimuli/f00608.png,,,,,,,,,,,,,,,,,,,,,,,,,,,1721.1854,1722.2864,1722.2865,1723.2878,1723.2881,1725.2908,[],,,1725.2912,1739.1286,left,13.8179,,[],[],[],[],[],[],[],1739.1287,1739.1296,,[],[],[],[],[],[],[],0,2,2,2,1,,,,,,,,,,,,,,,,,,,,,,,,,,,,,
,,P3253,001,2,1,01,2026-05-12_16h00.53.359,untitled,2025.2.4,Win32,59.88023952,fixed_lists/stimlist01.csv,sequences/a19/a19_list.csv,1.11637661,sequences/v13/v13_list.csv,,,,,,,,,,,,,,,,,,,,,,,,,,,,,,,,,,,,,,,,,,,,,,,,,,,,,,,,,,,,,,,,,,,,,,,,,,,,,,,,,,,,,,,,,,,,,,,,,,,,,,,,,,,,,,,,,,,,,,,,,,,,,,,,,,,,,,,,,,,,,,,,,,4,MIBOL_FEM,stimuli/f01764.png,,,,,,,,,,,,,,,,,,,,,,,,,,,1739.1298,1740.2474,1740.2474,1741.2489,1741.2491,1743.2516,[],,,1743.252,1749.2778,left,6.01,,[],[],[],[],[],[],[],1749.2779,1749.2789,,[],[],[],[],[],[],[],0,3,3,3,1,,,,,,,,,,,,,,,,,,,,,,,,,,,,,
,,P3253,001,2,1,01,2026-05-12_16h00.53.359,untitled,2025.2.4,Win32,59.88023952,fixed_lists/stimlist01.csv,sequences/a19/a19_list.csv,0.803403901,sequences/v13/v13_list.csv,,,,,,,,,,,,,,,,,,,,,,,,,,,,,,,,,,,,,,,,,,,,,,,,,,,,,,,,,,,,,,,,,,,,,,,,,,,,,,,,,,,,,,,,,,,,,,,,,,,,,,,,,,,,,,,,,,,,,,,,,,,,,,,,,,,,,,,,,,,,,,,,,,5,FAJTA_JARMU,stimuli/f00269.png,,,,,,,,,,,,,,,,,,,,,,,,,,,1749.279,1750.0955,1750.0955,1751.0969,1751.0971,1753.0999,[],,,1753.1003,1759.7768,left,6.6635,,[],[],[],[],[],[],[],1759.777,1759.7778,,[],[],[],[],[],[],[],0,4,4,4,1,,,,,,,,,,,,,,,,,,,,,,,,,,,,,
,,P3253,001,2,1,01,2026-05-12_16h00.53.359,untitled,2025.2.4,Win32,59.88023952,fixed_lists/stimlist01.csv,sequences/a19/a19_list.csv,0.828362044,sequences/v13/v13_list.csv,,,,,,,,,,,,,,,,,,,,,,,,,,,,,,,,,,,,,,,,,,,,,,,,,,,,,,,,,,,,,,,,,,,,,,,,,,,,,,,,,,,,,,,,,,,,,,,,,,,,,,,,,,,,,,,,,,,,,,,,,,,,,,,,,,,,,,,,,,,,,,,,,,6,LEHET_UL,stimuli/f00239.png,,,,,,,,,,,,,,,,,,,,,,,,,,,1759.778,1760.6114,1760.6115,1761.6131,1761.6135,1763.6159,[],,,1763.6162,1766.9043,right,3.2839,,[],[],[],[],[],[],[],1766.9045,1770.7608,bicikli,[],[],[],[],[],[],[],0,5,5,5,1,,,,,,,,,,,,,,,,,,,,,,,,,,,,,
,,P3253,001,2,1,01,2026-05-12_16h00.53.359,untitled,2025.2.4,Win32,59.88023952,fixed_lists/stimlist01.csv,sequences/a19/a19_list.csv,1.028368736,sequences/v13/v13_list.csv,,,,,,,,,,,,,,,,,,,,,,,,,,,,,,,,,,,,,,,,,,,,,,,,,,,,,,,,,,,,,,,,,,,,,,,,,,,,,,,,,,,,,,,,,,,,,,,,,,,,,,,,,,,,,,,,,,,,,,,,,,,,,,,,,,,,,,,,,,,,,,,,,,7,TUD_SZALLIT,stimuli/f01531.png,,,,,,,,,,,,,,,,,,,,,,,,,,,1770.7611,1771.7952,1771.7952,1772.7966,1772.7969,1774.7999,[],,,1774.8004,1784.6649,left,9.8523,,[],[],[],[],[],[],[],1784.6651,1784.6662,,[],[],[],[],[],[],[],0,6,6,6,1,,,,,,,,,,,,,,,,,,,,,,,,,,,,,
,,P3253,001,2,1,01,2026-05-12_16h00.53.359,untitled,2025.2.4,Win32,59.88023952,fixed_lists/stimlist01.csv,sequences/a19/a19_list.csv,0.955355542,sequences/v13/v13_list.csv,,,,,,,,,,,,,,,,,,,,,,,,,,,,,,,,,,,,,,,,,,,,,,,,,,,,,,,,,,,,,,,,,,,,,,,,,,,,,,,,,,,,,,,,,,,,,,,,,,,,,,,,,,,,,,,,,,,,,,,,,,,,,,,,,,,,,,,,,,,,,,,,,,8,ILYEN_NAGY,stimuli/f00968.png,,,,,,,,,,,,,,,,,,,,,,,,,,,1784.6664,1785.6329,1785.6329,1786.6346,1786.6348,1788.6375,[],,,1788.6377,1793.8291,right,5.1751,,[],[],[],[],[],[],[],1793.8293,1798.6365,teherautó,[],[],[],[],[],[],[],0,7,7,7,1,,,,,,,,,,,,,,,,,,,,,,,,,,,,,
,,P3253,001,2,1,01,2026-05-12_16h00.53.359,untitled,2025.2.4,Win32,59.88023952,fixed_lists/stimlist01.csv,sequences/a19/a19_list.csv,1.197315826,sequences/v13/v13_list.csv,,,,,,,,,,,,,,,,,,,,,,,,,,,,,,,,,,,,,,,,,,,,,,,,,,,,,,,,,,,,,,,,,,,,,,,,,,,,,,,,,,,,,,,,,,,,,,,,,,,,,,,,,,,,,,,,,,,,,,,,,,,,,,,,,,,,,,,,,,,,,,,,,,9,HOL_UT,stimuli/f00906.png,,,,,,,,,,,,,,,,,,,,,,,,,,,1798.6367,1799.8382,1799.8382,1800.8394,1800.8396,1802.8424,[],,,1802.8427,1809.8365,left,6.9862,,[],[],[],[],[],[],[],1809.8367,1809.8376,,[],[],[],[],[],[],[],0,8,8,8,1,,,,,,,,,,,,,,,,,,,,,,,,,,,,,
,,P3253,001,2,1,01,2026-05-12_16h00.53.359,untitled,2025.2.4,Win32,59.88023952,fixed_lists/stimlist01.csv,sequences/a19/a19_list.csv,1.114901772,sequences/v13/v13_list.csv,,,,,,,,,,,,,,,,,,,,,,,,,,,,,,,,,,,,,,,,,,,,,,,,,,,,,,,,,,,,,,,,,,,,,,,,,,,,,,,,,,,,,,,,,,,,,,,,,,,,,,,,,,,,,,,,,,,,,,,,,,,,,,,,,,,,,,,,,,,,,,,,,,10,LEHET_VEZET,stimuli/f01961.png,,,,,,,,,,,,,,,,,,,,,,,,,,,1809.8377,1810.9548,1810.9549,1811.9564,1811.9566,1813.9594,[],,,1813.9597,1820.2525,left,6.2779,,[],[],[],[],[],[],[],1820.2526,1820.2536,,[],[],[],[],[],[],[],0,9,9,9,1,,,,,,,,,,,,,,,,,,,,,,,,,,,,,
,,P3253,001,2,1,01,2026-05-12_16h00.53.359,untitled,2025.2.4,Win32,59.88023952,fixed_lists/stimlist01.csv,sequences/a19/a19_list.csv,1.132232903,sequences/f15/f15_list.csv,,,,,,,,,,,,,,,,,,,,,,,,,,,,,,,,,,,,,,,,,,,,,,,,,,,,,,,,,,,,,,,,,,,,,,,,,,,,,,,,,,,,,,,,,,,,,,,,,,,,,,,,,,,,,,,,,,,,,,,,,,,,,,,,,,,,,,,,,,,,,,,,,,1,FAJTA_GYUMOLCS,stimuli/f00142.png,,,,,,,,,,,,,,,,,,,,,,,,,1863.7027,1863.7028,1863.7034,1864.8371,1864.8371,1865.8387,1865.8389,1867.8417,[],,,1867.8421,1872.4322,right,4.5623,,[],[],[],[],[],[],[],1872.4325,1872.4335,,[],[],[],[],[],[],[],0,0,0,0,1,1820.2538,1863.7023,[],[],[],[],[],[],[],space,43.4075,,,,,,,,,,,,,,,,,,
,,P3253,001,2,1,01,2026-05-12_16h00.53.359,untitled,2025.2.4,Win32,59.88023952,fixed_lists/stimlist01.csv,sequences/a19/a19_list.csv,1.083600125,sequences/f15/f15_list.csv,,,,,,,,,,,,,,,,,,,,,,,,,,,,,,,,,,,,,,,,,,,,,,,,,,,,,,,,,,,,,,,,,,,,,,,,,,,,,,,,,,,,,,,,,,,,,,,,,,,,,,,,,,,,,,,,,,,,,,,,,,,,,,,,,,,,,,,,,,,,,,,,,,2,LEHET_ESZIK,stimuli/f00417.png,,,,,,,,,,,,,,,,,,,,,,,,,,,1872.4337,1873.5336,1873.5337,1874.5352,1874.5355,1876.5383,[],,,1876.5386,1884.1833,left,7.6237,,[],[],[],[],[],[],[],1884.1835,1884.1841,,[],[],[],[],[],[],[],0,1,1,1,1,,,,,,,,,,,,,,,,,,,,,,,,,,,,,
,,P3253,001,2,1,01,2026-05-12_16h00.53.359,untitled,2025.2.4,Win32,59.88023952,fixed_lists/stimlist01.csv,sequences/a19/a19_list.csv,0.954023578,sequences/f15/f15_list.csv,,,,,,,,,,,,,,,,,,,,,,,,,,,,,,,,,,,,,,,,,,,,,,,,,,,,,,,,,,,,,,,,,,,,,,,,,,,,,,,,,,,,,,,,,,,,,,,,,,,,,,,,,,,,,,,,,,,,,,,,,,,,,,,,,,,,,,,,,,,,,,,,,,3,ILYEN_SARGA,stimuli/f00863.png,,,,,,,,,,,,,,,,,,,,,,,,,,,1884.1843,1885.1515,1885.1515,1886.1529,1886.1532,1888.1562,[],,,1888.1565,1891.7615,right,3.5947,,[],[],[],[],[],[],[],1891.7617,1895.4178,citrom,[],[],[],[],[],[],[],0,2,2,2,1,,,,,,,,,,,,,,,,,,,,,,,,,,,,,
,,P3253,001,2,1,01,2026-05-12_16h00.53.359,untitled,2025.2.4,Win32,59.88023952,fixed_lists/stimlist01.csv,sequences/a19/a19_list.csv,1.161475745,sequences/f15/f15_list.csv,,,,,,,,,,,,,,,,,,,,,,,,,,,,,,,,,,,,,,,,,,,,,,,,,,,,,,,,,,,,,,,,,,,,,,,,,,,,,,,,,,,,,,,,,,,,,,,,,,,,,,,,,,,,,,,,,,,,,,,,,,,,,,,,,,,,,,,,,,,,,,,,,,4,ILYEN_SAVANYU,stimuli/f01517.png,,,,,,,,,,,,,,,,,,,,,,,,,,,1895.4182,1896.5857,1896.5858,1897.5869,1897.5872,1899.59,[],,,1899.5904,1908.3368,left,8.7235,,[],[],[],[],[],[],[],1908.3371,1908.3378,,[],[],[],[],[],[],[],0,3,3,3,1,,,,,,,,,,,,,,,,,,,,,,,,,,,,,
,,P3253,001,2,1,01,2026-05-12_16h00.53.359,untitled,2025.2.4,Win32,59.88023952,fixed_lists/stimlist01.csv,sequences/a19/a19_list.csv,1.077456452,sequences/f15/f15_list.csv,,,,,,,,,,,,,,,,,,,,,,,,,,,,,,,,,,,,,,,,,,,,,,,,,,,,,,,,,,,,,,,,,,,,,,,,,,,,,,,,,,,,,,,,,,,,,,,,,,,,,,,,,,,,,,,,,,,,,,,,,,,,,,,,,,,,,,,,,,,,,,,,,,5,RESZE_MAG,stimuli/f01681.png,,,,,,,,,,,,,,,,,,,,,,,,,,,1908.338,1909.4219,1909.4219,1910.4233,1910.4236,1912.4265,[],,,1912.4268,1921.0562,left,8.614,,[],[],[],[],[],[],[],1921.0563,1921.0572,,[],[],[],[],[],[],[],0,4,4,4,1,,,,,,,,,,,,,,,,,,,,,,,,,,,,,
,,P3253,001,2,1,01,2026-05-12_16h00.53.359,untitled,2025.2.4,Win32,59.88023952,fixed_lists/stimlist01.csv,sequences/a19/a19_list.csv,0.912897479,sequences/f15/f15_list.csv,,,,,,,,,,,,,,,,,,,,,,,,,,,,,,,,,,,,,,,,,,,,,,,,,,,,,,,,,,,,,,,,,,,,,,,,,,,,,,,,,,,,,,,,,,,,,,,,,,,,,,,,,,,,,,,,,,,,,,,,,,,,,,,,,,,,,,,,,,,,,,,,,,6,LEHET_MEGKOSTOL,stimuli/f00809.png,,,,,,,,,,,,,,,,,,,,,,,,,,,1921.0574,1921.9744,1921.9744,1922.9757,1922.976,1924.9788,[],,,1924.9791,1933.0245,left,8.0293,,[],[],[],[],[],[],[],1933.0247,1933.0256,,[],[],[],[],[],[],[],0,5,5,5,1,,,,,,,,,,,,,,,,,,,,,,,,,,,,,
,,P3253,001,2,1,01,2026-05-12_16h00.53.359,untitled,2025.2.4,Win32,59.88023952,fixed_lists/stimlist01.csv,sequences/a19/a19_list.csv,1.074638529,sequences/f15/f15_list.csv,,,,,,,,,,,,,,,,,,,,,,,,,,,,,,,,,,,,,,,,,,,,,,,,,,,,,,,,,,,,,,,,,,,,,,,,,,,,,,,,,,,,,,,,,,,,,,,,,,,,,,,,,,,,,,,,,,,,,,,,,,,,,,,,,,,,,,,,,,,,,,,,,,7,TUD_TEREM,stimuli/f02095.png,,,,,,,,,,,,,,,,,,,,,,,,,,,1933.0258,1934.1093,1934.1093,1935.1108,1935.1112,1937.1139,[],,,1937.1142,1968.5955,left,31.4649,,[],[],[],[],[],[],[],1968.5956,1968.5964,,[],[],[],[],[],[],[],0,6,6,6,1,,,,,,,,,,,,,,,,,,,,,,,,,,,,,
,,P3253,001,2,1,01,2026-05-12_16h00.53.359,untitled,2025.2.4,Win32,59.88023952,fixed_lists/stimlist01.csv,sequences/a19/a19_list.csv,1.16647942,sequences/f15/f15_list.csv,,,,,,,,,,,,,,,,,,,,,,,,,,,,,,,,,,,,,,,,,,,,,,,,,,,,,,,,,,,,,,,,,,,,,,,,,,,,,,,,,,,,,,,,,,,,,,,,,,,,,,,,,,,,,,,,,,,,,,,,,,,,,,,,,,,,,,,,,,,,,,,,,,8,RESZE_HEJ,stimuli/f02125.png,,,,,,,,,,,,,,,,,,,,,,,,,,,1968.5966,1969.7639,1969.7639,1970.7657,1970.7659,1972.7684,[],,,1972.7687,1981.8657,left,9.0889,,[],[],[],[],[],[],[],1981.8659,1981.8667,,[],[],[],[],[],[],[],0,7,7,7,1,,,,,,,,,,,,,,,,,,,,,,,,,,,,,
,,P3253,001,2,1,01,2026-05-12_16h00.53.359,untitled,2025.2.4,Win32,59.88023952,fixed_lists/stimlist01.csv,sequences/a19/a19_list.csv,1.148575742,sequences/f15/f15_list.csv,,,,,,,,,,,,,,,,,,,,,,,,,,,,,,,,,,,,,,,,,,,,,,,,,,,,,,,,,,,,,,,,,,,,,,,,,,,,,,,,,,,,,,,,,,,,,,,,,,,,,,,,,,,,,,,,,,,,,,,,,,,,,,,,,,,,,,,,,,,,,,,,,,9,HOL_FA,stimuli/f01714.png,,,,,,,,,,,,,,,,,,,,,,,,,,,1981.867,1983.0173,1983.0173,1984.0191,1984.0194,1986.0223,[],,,1986.0227,1987.7081,left,1.6702,,[],[],[],[],[],[],[],1987.7083,1987.7091,,[],[],[],[],[],[],[],0,8,8,8,1,,,,,,,,,,,,,,,,,,,,,,,,,,,,,
,,P3253,001,2,1,01,2026-05-12_16h00.53.359,untitled,2025.2.4,Win32,59.88023952,fixed_lists/stimlist01.csv,sequences/a19/a19_list.csv,1.076338018,sequences/f15/f15_list.csv,,,,,,,,,,,,,,,,,,,,,,,,,,,,,,,,,,,,,,,,,,,,,,,,,,,,,,,,,,,,,,,,,,,,,,,,,,,,,,,,,,,,,,,,,,,,,,,,,,,,,,,,,,,,,,,,,,,,,,,,,,,,,,,,,,,,,,,,,,,,,,,,,,10,ILYEN_EGESZSEGES,stimuli/f01008.png,,,,,,,,,,,,,,,,,,,,,,,,,,,1987.7093,1988.7927,1988.7928,1989.7943,1989.7946,1991.7974,[],,,1991.7977,2003.8491,left,12.0441,,[],[],[],[],[],[],[],2003.8493,2003.8503,,[],[],[],[],[],[],[],0,9,9,9,1,,,,,,,,,,,,,,,,,,,,,,,,,,,,,
,,P3253,001,2,1,01,2026-05-12_16h00.53.359,untitled,2025.2.4,Win32,59.88023952,fixed_lists/stimlist01.csv,sequences/a19/a19_list.csv,1.106399831,sequences/pl11/pl11_list.csv,,,,,,,,,,,,,,,,,,,,,,,,,,,,,,,,,,,,,,,,,,,,,,,,,,,,,,,,,,,,,,,,,,,,,,,,,,,,,,,,,,,,,,,,,,,,,,,,,,,,,,,,,,,,,,,,,,,,,,,,,,,,,,,,,,,,,,,,,,,,,,,,,,1,LEHET_ESZIK,stimuli/f00417.png,,,,,,,,,,,,,,,,,,,,,,,,,2042.6259,2042.626,2042.6266,2043.7476,2043.7476,2044.7652,2044.7654,2046.7687,[],,,2046.769,2050.2567,right,3.4722,,[],[],[],[],[],[],[],2050.257,2050.2578,,[],[],[],[],[],[],[],0,0,0,0,1,2003.8507,2042.6256,[],[],[],[],[],[],[],space,38.734,,,,,,,,,,,,,,,,,,
,,P3253,001,2,1,01,2026-05-12_16h00.53.359,untitled,2025.2.4,Win32,59.88023952,fixed_lists/stimlist01.csv,sequences/a19/a19_list.csv,1.076755709,sequences/pl11/pl11_list.csv,,,,,,,,,,,,,,,,,,,,,,,,,,,,,,,,,,,,,,,,,,,,,,,,,,,,,,,,,,,,,,,,,,,,,,,,,,,,,,,,,,,,,,,,,,,,,,,,,,,,,,,,,,,,,,,,,,,,,,,,,,,,,,,,,,,,,,,,,,,,,,,,,,2,HOL_ERDO,stimuli/f01149.png,,,,,,,,,,,,,,,,,,,,,,,,,,,2050.2581,2051.3415,2051.3415,2052.3431,2052.3434,2054.3467,[],,,2054.3471,2064.2247,left,9.8487,,[],[],[],[],[],[],[],2064.2248,2064.2255,,[],[],[],[],[],[],[],0,1,1,1,1,,,,,,,,,,,,,,,,,,,,,,,,,,,,,
,,P3253,001,2,1,01,2026-05-12_16h00.53.359,untitled,2025.2.4,Win32,59.88023952,fixed_lists/stimlist01.csv,sequences/a19/a19_list.csv,1.048811707,sequences/pl11/pl11_list.csv,,,,,,,,,,,,,,,,,,,,,,,,,,,,,,,,,,,,,,,,,,,,,,,,,,,,,,,,,,,,,,,,,,,,,,,,,,,,,,,,,,,,,,,,,,,,,,,,,,,,,,,,,,,,,,,,,,,,,,,,,,,,,,,,,,,,,,,,,,,,,,,,,,3,HOL_FOLD,stimuli/f01051.png,,,,,,,,,,,,,,,,,,,,,,,,,,,2064.2256,2065.2766,2065.2766,2066.2814,2066.2816,2068.3011,[],,,2068.3013,2077.8496,left,9.5313,,[],[],[],[],[],[],[],2077.8499,2077.8506,,[],[],[],[],[],[],[],0,2,2,2,1,,,,,,,,,,,,,,,,,,,,,,,,,,,,,
,,P3253,001,2,1,01,2026-05-12_16h00.53.359,untitled,2025.2.4,Win32,59.88023952,fixed_lists/stimlist01.csv,sequences/a19/a19_list.csv,0.837518696,sequences/pl11/pl11_list.csv,,,,,,,,,,,,,,,,,,,,,,,,,,,,,,,,,,,,,,,,,,,,,,,,,,,,,,,,,,,,,,,,,,,,,,,,,,,,,,,,,,,,,,,,,,,,,,,,,,,,,,,,,,,,,,,,,,,,,,,,,,,,,,,,,,,,,,,,,,,,,,,,,,4,TUD_NO,stimuli/f00874.png,,,,,,,,,,,,,,,,,,,,,,,,,,,2077.8508,2078.7001,2078.7001,2079.7009,2079.701,2081.7043,[],,,2081.7046,2099.132,left,17.4101,,[],[],[],[],[],[],[],2099.1322,2099.1329,,[],[],[],[],[],[],[],0,3,3,3,1,,,,,,,,,,,,,,,,,,,,,,,,,,,,,
,,P3253,001,2,1,01,2026-05-12_16h00.53.359,untitled,2025.2.4,Win32,59.88023952,fixed_lists/stimlist01.csv,sequences/a19/a19_list.csv,0.981083585,sequences/pl11/pl11_list.csv,,,,,,,,,,,,,,,,,,,,,,,,,,,,,,,,,,,,,,,,,,,,,,,,,,,,,,,,,,,,,,,,,,,,,,,,,,,,,,,,,,,,,,,,,,,,,,,,,,,,,,,,,,,,,,,,,,,,,,,,,,,,,,,,,,,,,,,,,,,,,,,,,,5,ILYEN_KICSI,stimuli/f00966.png,,,,,,,,,,,,,,,,,,,,,,,,,,,2099.1331,2100.1341,2100.1342,2101.1477,2101.148,2103.1509,[],,,2103.1514,2107.1402,right,3.9576,,[],[],[],[],[],[],[],2107.1403,2119.3457,eper,[],[],[],[],[],[],[],0,4,4,4,1,,,,,,,,,,,,,,,,,,,,,,,,,,,,,
,,P3253,001,2,1,01,2026-05-12_16h00.53.359,untitled,2025.2.4,Win32,59.88023952,fixed_lists/stimlist01.csv,sequences/a19/a19_list.csv,0.955943723,sequences/pl11/pl11_list.csv,,,,,,,,,,,,,,,,,,,,,,,,,,,,,,,,,,,,,,,,,,,,,,,,,,,,,,,,,,,,,,,,,,,,,,,,,,,,,,,,,,,,,,,,,,,,,,,,,,,,,,,,,,,,,,,,,,,,,,,,,,,,,,,,,,,,,,,,,,,,,,,,,,6,LEHET_FOZ,stimuli/f01813.png,,,,,,,,,,,,,,,,,,,,,,,,,,,2119.3459,2120.3121,2120.3121,2121.3152,2121.3154,2123.3314,[],,,2123.3318,2128.2601,left,4.9098,,[],[],[],[],[],[],[],2128.2602,2128.2611,,[],[],[],[],[],[],[],0,5,5,5,1,,,,,,,,,,,,,,,,,,,,,,,,,,,,,
,,P3253,001,2,1,01,2026-05-12_16h00.53.359,untitled,2025.2.4,Win32,59.88023952,fixed_lists/stimlist01.csv,sequences/a19/a19_list.csv,0.865877473,sequences/pl11/pl11_list.csv,,,,,,,,,,,,,,,,,,,,,,,,,,,,,,,,,,,,,,,,,,,,,,,,,,,,,,,,,,,,,,,,,,,,,,,,,,,,,,,,,,,,,,,,,,,,,,,,,,,,,,,,,,,,,,,,,,,,,,,,,,,,,,,,,,,,,,,,,,,,,,,,,,7,ILYEN_PIROS,stimuli/f00862.png,,,,,,,,,,,,,,,,,,,,,,,,,,,2128.2613,2129.1273,2129.1273,2130.1286,2130.1289,2132.1483,[],,,2132.1486,2137.1193,left,4.9475,,[],[],[],[],[],[],[],2137.1194,2137.1207,,[],[],[],[],[],[],[],0,6,6,6,1,,,,,,,,,,,,,,,,,,,,,,,,,,,,,
,,P3253,001,2,1,01,2026-05-12_16h00.53.359,untitled,2025.2.4,Win32,59.88023952,fixed_lists/stimlist01.csv,sequences/a19/a19_list.csv,1.047722133,sequences/pl11/pl11_list.csv,,,,,,,,,,,,,,,,,,,,,,,,,,,,,,,,,,,,,,,,,,,,,,,,,,,,,,,,,,,,,,,,,,,,,,,,,,,,,,,,,,,,,,,,,,,,,,,,,,,,,,,,,,,,,,,,,,,,,,,,,,,,,,,,,,,,,,,,,,,,,,,,,,8,RESZE_POTTY,stimuli/f00613.png,,,,,,,,,,,,,,,,,,,,,,,,,,,2137.1209,2138.1739,2138.1739,2139.1888,2139.1892,2141.1949,[],,,2141.1952,2152.9803,left,11.7831,,[],[],[],[],[],[],[],2152.9804,2152.9811,,[],[],[],[],[],[],[],0,7,7,7,1,,,,,,,,,,,,,,,,,,,,,,,,,,,,,
,,P3253,001,2,1,01,2026-05-12_16h00.53.359,untitled,2025.2.4,Win32,59.88023952,fixed_lists/stimlist01.csv,sequences/a19/a19_list.csv,0.925146908,sequences/pl11/pl11_list.csv,,,,,,,,,,,,,,,,,,,,,,,,,,,,,,,,,,,,,,,,,,,,,,,,,,,,,,,,,,,,,,,,,,,,,,,,,,,,,,,,,,,,,,,,,,,,,,,,,,,,,,,,,,,,,,,,,,,,,,,,,,,,,,,,,,,,,,,,,,,,,,,,,,9,FAJTA_ELOLENY,stimuli/f00635.png,,,,,,,,,,,,,,,,,,,,,,,,,,,2152.9813,2153.915,2153.9151,2154.933,2154.9333,2156.9525,[],,,2156.9529,2181.7252,left,24.7556,,[],[],[],[],[],[],[],2181.7253,2181.726,,[],[],[],[],[],[],[],0,8,8,8,1,,,,,,,,,,,,,,,,,,,,,,,,,,,,,
,,P3253,001,2,1,01,2026-05-12_16h00.53.359,untitled,2025.2.4,Win32,59.88023952,fixed_lists/stimlist01.csv,sequences/a19/a19_list.csv,0.811188938,sequences/pl11/pl11_list.csv,,,,,,,,,,,,,,,,,,,,,,,,,,,,,,,,,,,,,,,,,,,,,,,,,,,,,,,,,,,,,,,,,,,,,,,,,,,,,,,,,,,,,,,,,,,,,,,,,,,,,,,,,,,,,,,,,,,,,,,,,,,,,,,,,,,,,,,,,,,,,,,,,,10,HOL_PIAC,stimuli/f01585.png,,,,,,,,,,,,,,,,,,,,,,,,,,,2181.7261,2182.5383,2182.5384,2183.5403,2183.5406,2185.5431,[],,,2185.5435,2197.0473,left,11.4837,,[],[],[],[],[],[],[],2197.0474,2197.0481,,[],[],[],[],[],[],[],0,9,9,9,1,,,,,,,,,,,,,,,,,,,,,,,,,,,,,
,,P3253,001,2,1,01,2026-05-12_16h00.53.359,untitled,2025.2.4,Win32,59.88023952,fixed_lists/stimlist01.csv,sequences/a19/a19_list.csv,0.939255589,sequences/p35/p35_list.csv,,,,,,,,,,,,,,,,,,,,,,,,,,,,,,,,,,,,,,,,,,,,,,,,,,,,,,,,,,,,,,,,,,,,,,,,,,,,,,,,,,,,,,,,,,,,,,,,,,,,,,,,,,,,,,,,,,,,,,,,,,,,,,,,,,,,,,,,,,,,,,,,,,1,HOL_MESE,stimuli/f01076.png,,,,,,,,,,,,,,,,,,,,,,,,,2258.7592,2258.7593,2258.7599,2259.7097,2259.7097,2260.7117,2260.712,2262.715,[],,,2262.7153,2271.4074,right,8.6726,,[],[],[],[],[],[],[],2271.4075,2271.4085,,[],[],[],[],[],[],[],0,0,0,0,1,2197.0487,2258.7589,[],[],[],[],[],[],[],space,61.69,,,,,,,,,,,,,,,,,,
,,P3253,001,2,1,01,2026-05-12_16h00.53.359,untitled,2025.2.4,Win32,59.88023952,fixed_lists/stimlist01.csv,sequences/a19/a19_list.csv,0.973250442,sequences/p35/p35_list.csv,,,,,,,,,,,,,,,,,,,,,,,,,,,,,,,,,,,,,,,,,,,,,,,,,,,,,,,,,,,,,,,,,,,,,,,,,,,,,,,,,,,,,,,,,,,,,,,,,,,,,,,,,,,,,,,,,,,,,,,,,,,,,,,,,,,,,,,,,,,,,,,,,,2,RESZE_KEZ,stimuli/f00169.png,,,,,,,,,,,,,,,,,,,,,,,,,,,2271.4088,2272.3958,2272.3958,2273.397,2273.3972,2275.4007,[],,,2275.401,2279.8235,right,4.4012,,[],[],[],[],[],[],[],2279.8237,2284.4152,hercegnő,[],[],[],[],[],[],[],0,1,1,1,1,,,,,,,,,,,,,,,,,,,,,,,,,,,,,
,,P3253,001,2,1,01,2026-05-12_16h00.53.359,untitled,2025.2.4,Win32,59.88023952,fixed_lists/stimlist01.csv,sequences/a19/a19_list.csv,1.011568281,sequences/p35/p35_list.csv,,,,,,,,,,,,,,,,,,,,,,,,,,,,,,,,,,,,,,,,,,,,,,,,,,,,,,,,,,,,,,,,,,,,,,,,,,,,,,,,,,,,,,,,,,,,,,,,,,,,,,,,,,,,,,,,,,,,,,,,,,,,,,,,,,,,,,,,,,,,,,,,,,3,RESZE_LAB,stimuli/f00189.png,,,,,,,,,,,,,,,,,,,,,,,,,,,2284.4154,2285.4294,2285.4294,2286.4302,2286.4305,2288.4368,[],,,2288.4371,2297.3674,left,8.9097,,[],[],[],[],[],[],[],2297.3675,2297.3682,,[],[],[],[],[],[],[],0,2,2,2,1,,,,,,,,,,,,,,,,,,,,,,,,,,,,,
,,P3253,001,2,1,01,2026-05-12_16h00.53.359,untitled,2025.2.4,Win32,59.88023952,fixed_lists/stimlist01.csv,sequences/a19/a19_list.csv,1.123942124,sequences/p35/p35_list.csv,,,,,,,,,,,,,,,,,,,,,,,,,,,,,,,,,,,,,,,,,,,,,,,,,,,,,,,,,,,,,,,,,,,,,,,,,,,,,,,,,,,,,,,,,,,,,,,,,,,,,,,,,,,,,,,,,,,,,,,,,,,,,,,,,,,,,,,,,,,,,,,,,,4,FAJTA_EMBER,stimuli/f00439.png,,,,,,,,,,,,,,,,,,,,,,,,,,,2297.3684,2298.5024,2298.5024,2299.5031,2299.5033,2301.5034,[],,,2301.5037,2307.98,left,6.4503,,[],[],[],[],[],[],[],2307.9803,2307.9814,,[],[],[],[],[],[],[],0,3,3,3,1,,,,,,,,,,,,,,,,,,,,,,,,,,,,,
,,P3253,001,2,1,01,2026-05-12_16h00.53.359,untitled,2025.2.4,Win32,59.88023952,fixed_lists/stimlist01.csv,sequences/a19/a19_list.csv,1.118891197,sequences/p35/p35_list.csv,,,,,,,,,,,,,,,,,,,,,,,,,,,,,,,,,,,,,,,,,,,,,,,,,,,,,,,,,,,,,,,,,,,,,,,,,,,,,,,,,,,,,,,,,,,,,,,,,,,,,,,,,,,,,,,,,,,,,,,,,,,,,,,,,,,,,,,,,,,,,,,,,,5,RUHA_KI,stimuli/f00455.png,,,,,,,,,,,,,,,,,,,,,,,,,,,2307.9816,2309.1193,2309.1193,2310.1368,2310.1371,2312.1402,[],,,2312.1405,2319.3305,left,7.1698,,[],[],[],[],[],[],[],2319.3308,2319.3315,,[],[],[],[],[],[],[],0,4,4,4,1,,,,,,,,,,,,,,,,,,,,,,,,,,,,,
,,P3253,001,2,1,01,2026-05-12_16h00.53.359,untitled,2025.2.4,Win32,59.88023952,fixed_lists/stimlist01.csv,sequences/a19/a19_list.csv,0.997632958,sequences/p35/p35_list.csv,,,,,,,,,,,,,,,,,,,,,,,,,,,,,,,,,,,,,,,,,,,,,,,,,,,,,,,,,,,,,,,,,,,,,,,,,,,,,,,,,,,,,,,,,,,,,,,,,,,,,,,,,,,,,,,,,,,,,,,,,,,,,,,,,,,,,,,,,,,,,,,,,,6,TUD_RAJZOL,stimuli/f00210.png,,,,,,,,,,,,,,,,,,,,,,,,,,,2319.3318,2320.335,2320.335,2321.3541,2321.3544,2323.357,[],,,2323.3572,2337.0241,left,13.6408,,[],[],[],[],[],[],[],2337.0243,2337.0251,,[],[],[],[],[],[],[],0,5,5,5,1,,,,,,,,,,,,,,,,,,,,,,,,,,,,,
,,P3253,001,2,1,01,2026-05-12_16h00.53.359,untitled,2025.2.4,Win32,59.88023952,fixed_lists/stimlist01.csv,sequences/a19/a19_list.csv,1.041002612,sequences/p35/p35_list.csv,,,,,,,,,,,,,,,,,,,,,,,,,,,,,,,,,,,,,,,,,,,,,,,,,,,,,,,,,,,,,,,,,,,,,,,,,,,,,,,,,,,,,,,,,,,,,,,,,,,,,,,,,,,,,,,,,,,,,,,,,,,,,,,,,,,,,,,,,,,,,,,,,,7,HOL_SZOBA,stimuli/f00287.png,,,,,,,,,,,,,,,,,,,,,,,,,,,2337.0253,2338.0759,2338.0759,2339.0774,2339.0776,2341.0847,[],,,2341.0849,2358.9912,left,17.8828,,[],[],[],[],[],[],[],2358.9914,2358.9922,,[],[],[],[],[],[],[],0,6,6,6,1,,,,,,,,,,,,,,,,,,,,,,,,,,,,,
,,P3253,001,2,1,01,2026-05-12_16h00.53.359,untitled,2025.2.4,Win32,59.88023952,fixed_lists/stimlist01.csv,sequences/a19/a19_list.csv,0.966149261,sequences/p35/p35_list.csv,,,,,,,,,,,,,,,,,,,,,,,,,,,,,,,,,,,,,,,,,,,,,,,,,,,,,,,,,,,,,,,,,,,,,,,,,,,,,,,,,,,,,,,,,,,,,,,,,,,,,,,,,,,,,,,,,,,,,,,,,,,,,,,,,,,,,,,,,,,,,,,,,,8,RESZE_FEJ,stimuli/f01056.png,,,,,,,,,,,,,,,,,,,,,,,,,,,2358.9924,2359.9592,2359.9592,2360.9645,2360.9648,2362.9669,[],,,2362.9673,2367.3705,left,4.3834,,[],[],[],[],[],[],[],2367.3708,2367.3716,,[],[],[],[],[],[],[],0,7,7,7,1,,,,,,,,,,,,,,,,,,,,,,,,,,,,,
,,P3253,001,2,1,01,2026-05-12_16h00.53.359,untitled,2025.2.4,Win32,59.88023952,fixed_lists/stimlist01.csv,sequences/a19/a19_list.csv,1.122682285,sequences/p35/p35_list.csv,,,,,,,,,,,,,,,,,,,,,,,,,,,,,,,,,,,,,,,,,,,,,,,,,,,,,,,,,,,,,,,,,,,,,,,,,,,,,,,,,,,,,,,,,,,,,,,,,,,,,,,,,,,,,,,,,,,,,,,,,,,,,,,,,,,,,,,,,,,,,,,,,,9,ILYEN_SZEP,stimuli/f00929.png,,,,,,,,,,,,,,,,,,,,,,,,,,,2367.3717,2368.5054,2368.5054,2369.5069,2369.5071,2371.5101,[],,,2371.5104,2378.5374,left,7.0043,,[],[],[],[],[],[],[],2378.5376,2378.5384,,[],[],[],[],[],[],[],0,8,8,8,1,,,,,,,,,,,,,,,,,,,,,,,,,,,,,
,,P3253,001,2,1,01,2026-05-12_16h00.53.359,untitled,2025.2.4,Win32,59.88023952,fixed_lists/stimlist01.csv,sequences/a19/a19_list.csv,1.196819997,sequences/p35/p35_list.csv,,,,,,,,,,,,,,,,,,,,,,,,,,,,,,,,,,,,,,,,,,,,,,,,,,,,,,,,,,,,,,,,,,,,,,,,,,,,,,,,,,,,,,,,,,,,,,,,,,,,,,,,,,,,,,,,,,,,,,,,,,,,,,,,,,,,,,,,,,,,,,,,,,10,RESZE_HAJ,stimuli/f00174.png,,,,,,,,,,,,,,,,,,,,,,,,,,,2378.5386,2379.7415,2379.7415,2380.762,2380.7622,2382.7796,[],,,2382.7799,2391.8779,right,9.0804,,[],[],[],[],[],[],[],2391.8781,2396.8162,Aranyhaj,[],[],[],[],[],[],[],0,9,9,9,1,,,,,,,,,,,,,,,,,,,,,,,,,,,,,
,,P3253,001,2,1,01,2026-05-12_16h00.53.359,untitled,2025.2.4,Win32,59.88023952,fixed_lists/stimlist01.csv,sequences/a19/a19_list.csv,1.052354075,sequences/b11/b11_list.csv,,,,,,,,,,,,,,,,,,,,,,,,,,,,,,,,,,,,,,,,,,,,,,,,,,,,,,,,,,,,,,,,,,,,,,,,,,,,,,,,,,,,,,,,,,,,,,,,,,,,,,,,,,,,,,,,,,,,,,,,,,,,,,,,,,,,,,,,,,,,,,,,,,1,KI_EMBER,stimuli/f01539.png,,,,,,,,,,,,,,,,,,,,,,,,,2441.5678,2441.5678,2441.5684,2442.6358,2442.6358,2443.6369,2443.6372,2445.6398,[],,,2445.6402,2454.2195,right,8.5577,,[],[],[],[],[],[],[],2454.2197,2454.2206,,[],[],[],[],[],[],[],0,0,0,0,1,2396.8169,2441.5673,[],[],[],[],[],[],[],space,44.7183,,,,,,,,,,,,,,,,,,
,,P3253,001,2,1,01,2026-05-12_16h00.53.359,untitled,2025.2.4,Win32,59.88023952,fixed_lists/stimlist01.csv,sequences/a19/a19_list.csv,1.081481966,sequences/b11/b11_list.csv,,,,,,,,,,,,,,,,,,,,,,,,,,,,,,,,,,,,,,,,,,,,,,,,,,,,,,,,,,,,,,,,,,,,,,,,,,,,,,,,,,,,,,,,,,,,,,,,,,,,,,,,,,,,,,,,,,,,,,,,,,,,,,,,,,,,,,,,,,,,,,,,,,2,RESZE_BOR,stimuli/f01931.png,,,,,,,,,,,,,,,,,,,,,,,,,,,2454.2207,2455.3047,2455.3047,2456.3064,2456.3067,2458.3124,[],,,2458.3127,2475.6689,left,17.3377,,[],[],[],[],[],[],[],2475.6691,2475.6701,,[],[],[],[],[],[],[],0,1,1,1,1,,,,,,,,,,,,,,,,,,,,,,,,,,,,,
,,P3253,001,2,1,01,2026-05-12_16h00.53.359,untitled,2025.2.4,Win32,59.88023952,fixed_lists/stimlist01.csv,sequences/a19/a19_list.csv,1.086816232,sequences/b11/b11_list.csv,,,,,,,,,,,,,,,,,,,,,,,,,,,,,,,,,,,,,,,,,,,,,,,,,,,,,,,,,,,,,,,,,,,,,,,,,,,,,,,,,,,,,,,,,,,,,,,,,,,,,,,,,,,,,,,,,,,,,,,,,,,,,,,,,,,,,,,,,,,,,,,,,,3,FAJTA_TESTRESZ,stimuli/f01855.png,,,,,,,,,,,,,,,,,,,,,,,,,,,2475.6703,2476.7574,2476.7574,2477.7742,2477.7744,2479.779,[],,,2479.7792,2490.729,right,10.9335,,[],[],[],[],[],[],[],2490.7291,2510.1759,ember lelövi az állatot,[],[],[],[],[],[],[],0,2,2,2,1,,,,,,,,,,,,,,,,,,,,,,,,,,,,,
,,P3253,001,2,1,01,2026-05-12_16h00.53.359,untitled,2025.2.4,Win32,59.88023952,fixed_lists/stimlist01.csv,sequences/a19/a19_list.csv,0.851437754,sequences/b11/b11_list.csv,,,,,,,,,,,,,,,,,,,,,,,,,,,,,,,,,,,,,,,,,,,,,,,,,,,,,,,,,,,,,,,,,,,,,,,,,,,,,,,,,,,,,,,,,,,,,,,,,,,,,,,,,,,,,,,,,,,,,,,,,,,,,,,,,,,,,,,,,,,,,,,,,,4,LEHET_JAR,stimuli/f00426.png,,,,,,,,,,,,,,,,,,,,,,,,,,,2510.1762,2511.0397,2511.0397,2512.041,2512.0413,2514.0441,[],,,2514.0445,2525.3113,right,11.2446,,[],[],[],[],[],[],[],2525.3116,2530.6032,az ember bőre,[],[],[],[],[],[],[],0,3,3,3,1,,,,,,,,,,,,,,,,,,,,,,,,,,,,,
,,P3253,001,2,1,01,2026-05-12_16h00.53.359,untitled,2025.2.4,Win32,59.88023952,fixed_lists/stimlist01.csv,sequences/a19/a19_list.csv,0.809259473,sequences/b11/b11_list.csv,,,,,,,,,,,,,,,,,,,,,,,,,,,,,,,,,,,,,,,,,,,,,,,,,,,,,,,,,,,,,,,,,,,,,,,,,,,,,,,,,,,,,,,,,,,,,,,,,,,,,,,,,,,,,,,,,,,,,,,,,,,,,,,,,,,,,,,,,,,,,,,,,,5,RESZE_LABFEJ,stimuli/f00175.png,,,,,,,,,,,,,,,,,,,,,,,,,,,2530.6036,2531.4228,2531.4228,2532.4388,2532.439,2534.4459,[],,,2534.4462,2543.1052,right,8.6312,,[],[],[],[],[],[],[],2543.1053,2546.5943,bőrcipő,[],[],[],[],[],[],[],0,4,4,4,1,,,,,,,,,,,,,,,,,,,,,,,,,,,,,
,,P3253,001,2,1,01,2026-05-12_16h00.53.359,untitled,2025.2.4,Win32,59.88023952,fixed_lists/stimlist01.csv,sequences/a19/a19_list.csv,1.167683746,sequences/b11/b11_list.csv,,,,,,,,,,,,,,,,,,,,,,,,,,,,,,,,,,,,,,,,,,,,,,,,,,,,,,,,,,,,,,,,,,,,,,,,,,,,,,,,,,,,,,,,,,,,,,,,,,,,,,,,,,,,,,,,,,,,,,,,,,,,,,,,,,,,,,,,,,,,,,,,,,6,RESZE_COMB,stimuli/f00178.png,,,,,,,,,,,,,,,,,,,,,,,,,,,2546.5946,2547.7626,2547.7626,2548.7639,2548.7641,2550.7667,[],,,2550.7671,2562.5182,left,11.7295,,[],[],[],[],[],[],[],2562.5183,2562.5193,,[],[],[],[],[],[],[],0,5,5,5,1,,,,,,,,,,,,,,,,,,,,,,,,,,,,,
,,P3253,001,2,1,01,2026-05-12_16h00.53.359,untitled,2025.2.4,Win32,59.88023952,fixed_lists/stimlist01.csv,sequences/a19/a19_list.csv,1.032060221,sequences/b11/b11_list.csv,,,,,,,,,,,,,,,,,,,,,,,,,,,,,,,,,,,,,,,,,,,,,,,,,,,,,,,,,,,,,,,,,,,,,,,,,,,,,,,,,,,,,,,,,,,,,,,,,,,,,,,,,,,,,,,,,,,,,,,,,,,,,,,,,,,,,,,,,,,,,,,,,,7,ILYEN_HOSSZU,stimuli/f01327.png,,,,,,,,,,,,,,,,,,,,,,,,,,,2562.5195,2563.553,2563.553,2564.5544,2564.5546,2566.5613,[],,,2566.5617,2571.7821,right,5.2025,,[],[],[],[],[],[],[],2571.7823,2575.7931,nadrág,[],[],[],[],[],[],[],0,6,6,6,1,,,,,,,,,,,,,,,,,,,,,,,,,,,,,
,,P3253,001,2,1,01,2026-05-12_16h00.53.359,untitled,2025.2.4,Win32,59.88023952,fixed_lists/stimlist01.csv,sequences/a19/a19_list.csv,1.00474191,sequences/b11/b11_list.csv,,,,,,,,,,,,,,,,,,,,,,,,,,,,,,,,,,,,,,,,,,,,,,,,,,,,,,,,,,,,,,,,,,,,,,,,,,,,,,,,,,,,,,,,,,,,,,,,,,,,,,,,,,,,,,,,,,,,,,,,,,,,,,,,,,,,,,,,,,,,,,,,,,8,RESZE_BOKA,stimuli/f00725.png,,,,,,,,,,,,,,,,,,,,,,,,,,,2575.7932,2576.8066,2576.8066,2577.8118,2577.812,2579.8151,[],,,2579.8153,2596.3734,right,16.5424,,[],[],[],[],[],[],[],2596.3737,2599.1623,cipő,[],[],[],[],[],[],[],0,7,7,7,1,,,,,,,,,,,,,,,,,,,,,,,,,,,,,
,,P3253,001,2,1,01,2026-05-12_16h00.53.359,untitled,2025.2.4,Win32,59.88023952,fixed_lists/stimlist01.csv,sequences/a19/a19_list.csv,1.13576756,sequences/b11/b11_list.csv,,,,,,,,,,,,,,,,,,,,,,,,,,,,,,,,,,,,,,,,,,,,,,,,,,,,,,,,,,,,,,,,,,,,,,,,,,,,,,,,,,,,,,,,,,,,,,,,,,,,,,,,,,,,,,,,,,,,,,,,,,,,,,,,,,,,,,,,,,,,,,,,,,9,RESZE_KOROM,stimuli/f00484.png,,,,,,,,,,,,,,,,,,,,,,,,,,,2599.1626,2600.309,2600.309,2601.3108,2601.311,2603.3136,[],,,2603.314,2624.7503,left,21.4167,,[],[],[],[],[],[],[],2624.7505,2624.7511,,[],[],[],[],[],[],[],0,8,8,8,1,,,,,,,,,,,,,,,,,,,,,,,,,,,,,
,,P3253,001,2,1,01,2026-05-12_16h00.53.359,untitled,2025.2.4,Win32,59.88023952,fixed_lists/stimlist01.csv,sequences/a19/a19_list.csv,0.825570355,sequences/b11/b11_list.csv,,,,,,,,,,,,,,,,,,,,,,,,,,,,,,,,,,,,,,,,,,,,,,,,,,,,,,,,,,,,,,,,,,,,,,,,,,,,,,,,,,,,,,,,,,,,,,,,,,,,,,,,,,,,,,,,,,,,,,,,,,,,,,,,,,,,,,,,,,,,,,,,,,10,RESZE_TALP,stimuli/f00480.png,,,,,,,,,,,,,,,,,,,,,,,,,,,2624.7513,2625.5844,2625.5844,2626.5991,2626.5994,2628.6061,[],,,2628.6064,2631.911,right,3.2883,,[],[],[],[],[],[],[],2631.9112,2635.6306,cipő,[],[],[],[],[],[],[],0,9,9,9,1,,,,,,,,,,,,,,,,,,,,,,,,,,,,,
,,P3253,001,2,1,01,2026-05-12_16h00.53.359,untitled,2025.2.4,Win32,59.88023952,fixed_lists/stimlist01.csv,sequences/a19/a19_list.csv,0.825570355,sequences/b11/b11_list.csv,,,,,,,,,,,,,,,,,,,,,,,,,,,,,,,,,,,,,,,,,,,,,,,,,,,,,,,,,,,,,,,,,,,,,,,,,,,,,,,,,,,,,,,,,,,,,,,,,,,,,,,,,,,,,,,,,,,,,,,,,,,,,,,,,,,,,,,,,,,,,,,,,,,,,,,,,,,,,,,,,,,,,,,,,,,,,,,,,,,,,,,,,,,,,,,,,,,,,,,,,,,,,,,,,,,2635.6311,2783.3425,[],[],[],[],[],[],[],space,147.6911,,2783.3429,2791.138,space,7.7768,,,,,,,,,,,,,
,,P3253,001,2,1,01,2026-05-12_16h00.53.359,untitled,2025.2.4,Win32,59.88023952,fixed_lists/stimlist01.csv,sequences/a19/a19_list.csv,0.825570355,sequences/b11/b11_list.csv,,,,,,,,,,,,,,,,,,,,,,,,,,,,,,,,,,,,,,,,,,,,,,,,,,,,,,,,,,,,,,,,,,,,,,,,,,,,,,,,,,,,,,,,,,,,,,,,,,,,,,,,,,,,,,,,,,,,,,,,,,,,,,,,,,,,,,,,,,,,,,,,,,,,,,,,,,,,,,,,,,,,,,,,,,,,,,,,,,,,,,,,,,,,,,,,,,,,,,,,,,,,,,,,,,,,,,,,,,,,,,,,,,,,2791.1382,2796.7127,[],[],[],[],[],[],[],space,5.5544,
